case,group_id,view,method_id,method_label,role,time_seconds,semantic_frame,raw_frame,source_decode_index,seed,input_conditions,frame_path,width,height,png_sha256,source_video_sha256
A,f45a714cfdce40dcb67797de97d09da5/Ep_000016/3580,t2_p0002,gt,Ground truth,shared_GT_input_reference,0,0,3580,0,,reference,A_map_geometry/frames/00_gt/t2_p0002/A_00_gt_T2-P0002_t00s_f000_INPUT_REFERENCE.png,832,480,5a2f5917b5ae0e1d46927a0f9f9746e7a91c6a50716055a2792cecd6c94031bc,1ac80083a0ecbc82d49ceff6429e3f9ebbd2517650521a8cf9959c0e67f62da0
A,f45a714cfdce40dcb67797de97d09da5/Ep_000016/3580,t2_p0004,gt,Ground truth,shared_GT_input_reference,0,0,3580,0,,reference,A_map_geometry/frames/00_gt/t2_p0004/A_00_gt_T2-P0004_t00s_f000_INPUT_REFERENCE.png,832,480,c8fd8a0f6f8a0569bca90d0cc8b902911e78935ce02064757b67ba26c7ffe044,68da37875b44deed07927d5c077b37740230a4e9a02a8574662a11b4b886cc07
A,f45a714cfdce40dcb67797de97d09da5/Ep_000016/3580,t2_p0002,gt,Ground truth,ground_truth,1,16,3612,16,,reference,A_map_geometry/frames/00_gt/t2_p0002/A_00_gt_T2-P0002_t01s_f016.png,832,480,5f2b7af35fbc995c826cc0815a6f4c3708a946482315d6e1463ed5063f57b673,1ac80083a0ecbc82d49ceff6429e3f9ebbd2517650521a8cf9959c0e67f62da0
A,f45a714cfdce40dcb67797de97d09da5/Ep_000016/3580,t2_p0004,gt,Ground truth,ground_truth,1,16,3612,16,,reference,A_map_geometry/frames/00_gt/t2_p0004/A_00_gt_T2-P0004_t01s_f016.png,832,480,67f0682ce9f3a79cf6f4d15046e83cd17723b4bead6816e60a7c6e80afbdc1be,68da37875b44deed07927d5c077b37740230a4e9a02a8574662a11b4b886cc07
A,f45a714cfdce40dcb67797de97d09da5/Ep_000016/3580,t2_p0002,gt,Ground truth,ground_truth,2,32,3644,32,,reference,A_map_geometry/frames/00_gt/t2_p0002/A_00_gt_T2-P0002_t02s_f032.png,832,480,1198e5db0a735039551447d2dbba2f67834ee94fb16f5927f68f43fee15ca566,1ac80083a0ecbc82d49ceff6429e3f9ebbd2517650521a8cf9959c0e67f62da0
A,f45a714cfdce40dcb67797de97d09da5/Ep_000016/3580,t2_p0004,gt,Ground truth,ground_truth,2,32,3644,32,,reference,A_map_geometry/frames/00_gt/t2_p0004/A_00_gt_T2-P0004_t02s_f032.png,832,480,194f0463b9d9a2d5f790cdda9eaed4eb6ee55acaf6fca006ffecac4c0867a4e0,68da37875b44deed07927d5c077b37740230a4e9a02a8574662a11b4b886cc07
A,f45a714cfdce40dcb67797de97d09da5/Ep_000016/3580,t2_p0002,base,LingBot-World Base-Cam,shared_GT_input_reference,0,0,3580,0,,reference,A_map_geometry/frames/01_lingbot_base/t2_p0002/A_01_lingbot_base_T2-P0002_t00s_f000_INPUT_REFERENCE.png,832,480,5a2f5917b5ae0e1d46927a0f9f9746e7a91c6a50716055a2792cecd6c94031bc,1ac80083a0ecbc82d49ceff6429e3f9ebbd2517650521a8cf9959c0e67f62da0
A,f45a714cfdce40dcb67797de97d09da5/Ep_000016/3580,t2_p0004,base,LingBot-World Base-Cam,shared_GT_input_reference,0,0,3580,0,,reference,A_map_geometry/frames/01_lingbot_base/t2_p0004/A_01_lingbot_base_T2-P0004_t00s_f000_INPUT_REFERENCE.png,832,480,c8fd8a0f6f8a0569bca90d0cc8b902911e78935ce02064757b67ba26c7ffe044,68da37875b44deed07927d5c077b37740230a4e9a02a8574662a11b4b886cc07
A,f45a714cfdce40dcb67797de97d09da5/Ep_000016/3580,t2_p0002,base,LingBot-World Base-Cam,generated,1,16,3612,16,20260818,initial RGB + complete camera trajectory,A_map_geometry/frames/01_lingbot_base/t2_p0002/A_01_lingbot_base_T2-P0002_t01s_f016.png,832,480,a5c4047466a63f1641ca7e49b7cc28d36a176f4955dc03d14a446b6350140808,e0bf2adee7861a7c69a86f078fde6fb5455245c86c578d5e6a48fe9f91c8d7ae
A,f45a714cfdce40dcb67797de97d09da5/Ep_000016/3580,t2_p0004,base,LingBot-World Base-Cam,generated,1,16,3612,16,20260818,initial RGB + complete camera trajectory,A_map_geometry/frames/01_lingbot_base/t2_p0004/A_01_lingbot_base_T2-P0004_t01s_f016.png,832,480,3aa9fd2794de61ef4952f920a09a7c2081076106efbaaee060080cf7cb919b2d,ea5907f29a3a6b0a86d1181c873524b7f40f503ba63ae23aae5d8ba57ac46ea4
A,f45a714cfdce40dcb67797de97d09da5/Ep_000016/3580,t2_p0002,base,LingBot-World Base-Cam,generated,2,32,3644,32,20260818,initial RGB + complete camera trajectory,A_map_geometry/frames/01_lingbot_base/t2_p0002/A_01_lingbot_base_T2-P0002_t02s_f032.png,832,480,7bbeacfe9a750c3413614838f6c7f3eccbc014f6fc612ab547604f516c354b43,e0bf2adee7861a7c69a86f078fde6fb5455245c86c578d5e6a48fe9f91c8d7ae
A,f45a714cfdce40dcb67797de97d09da5/Ep_000016/3580,t2_p0004,base,LingBot-World Base-Cam,generated,2,32,3644,32,20260818,initial RGB + complete camera trajectory,A_map_geometry/frames/01_lingbot_base/t2_p0004/A_01_lingbot_base_T2-P0004_t02s_f032.png,832,480,596678780c52df94d4efe9593b826fcd6db2f395dcfdfe041b80c71101e102b6,ea5907f29a3a6b0a86d1181c873524b7f40f503ba63ae23aae5d8ba57ac46ea4
A,f45a714cfdce40dcb67797de97d09da5/Ep_000016/3580,t2_p0002,b1,Direct Residual (B1 step50; resource-limited),shared_GT_input_reference,0,0,3580,0,,reference,A_map_geometry/frames/02_direct_residual_b1/t2_p0002/A_02_direct_residual_b1_T2-P0002_t00s_f000_INPUT_REFERENCE.png,832,480,5a2f5917b5ae0e1d46927a0f9f9746e7a91c6a50716055a2792cecd6c94031bc,1ac80083a0ecbc82d49ceff6429e3f9ebbd2517650521a8cf9959c0e67f62da0
A,f45a714cfdce40dcb67797de97d09da5/Ep_000016/3580,t2_p0004,b1,Direct Residual (B1 step50; resource-limited),shared_GT_input_reference,0,0,3580,0,,reference,A_map_geometry/frames/02_direct_residual_b1/t2_p0004/A_02_direct_residual_b1_T2-P0004_t00s_f000_INPUT_REFERENCE.png,832,480,c8fd8a0f6f8a0569bca90d0cc8b902911e78935ce02064757b67ba26c7ffe044,68da37875b44deed07927d5c077b37740230a4e9a02a8574662a11b4b886cc07
A,f45a714cfdce40dcb67797de97d09da5/Ep_000016/3580,t2_p0002,b1,Direct Residual (B1 step50; resource-limited),generated,1,16,3612,16,20260818,initial RGB + camera + dense/state,A_map_geometry/frames/02_direct_residual_b1/t2_p0002/A_02_direct_residual_b1_T2-P0002_t01s_f016.png,832,480,3a370eacf1cc5ad84790f7e6234e644b9f9b91c393ab103222ab98e643e7bc21,152792a4ad0673fdc9a18b309aa4ff023313da4aed5c1b7d80fe370b587b1391
A,f45a714cfdce40dcb67797de97d09da5/Ep_000016/3580,t2_p0004,b1,Direct Residual (B1 step50; resource-limited),generated,1,16,3612,16,20260818,initial RGB + camera + dense/state,A_map_geometry/frames/02_direct_residual_b1/t2_p0004/A_02_direct_residual_b1_T2-P0004_t01s_f016.png,832,480,18b0e0427d7887c5f84803d26e384027ab35696966d54079881e21c851acdd9c,b0d7d486de90d730226bccdce24f7c8a1730f56cf3d6ac7e5a026e0744ff18a6
A,f45a714cfdce40dcb67797de97d09da5/Ep_000016/3580,t2_p0002,b1,Direct Residual (B1 step50; resource-limited),generated,2,32,3644,32,20260818,initial RGB + camera + dense/state,A_map_geometry/frames/02_direct_residual_b1/t2_p0002/A_02_direct_residual_b1_T2-P0002_t02s_f032.png,832,480,8f0d13a6013591ed333db1264e4e4179a31c0bd61fd78a8d38c5763a576cf60b,152792a4ad0673fdc9a18b309aa4ff023313da4aed5c1b7d80fe370b587b1391
A,f45a714cfdce40dcb67797de97d09da5/Ep_000016/3580,t2_p0004,b1,Direct Residual (B1 step50; resource-limited),generated,2,32,3644,32,20260818,initial RGB + camera + dense/state,A_map_geometry/frames/02_direct_residual_b1/t2_p0004/A_02_direct_residual_b1_T2-P0004_t02s_f032.png,832,480,9b56ed79a269f71af64b53b292602d68345ff1c0483c8e04a69d073f6f10fe69,b0d7d486de90d730226bccdce24f7c8a1730f56cf3d6ac7e5a026e0744ff18a6
A,f45a714cfdce40dcb67797de97d09da5/Ep_000016/3580,t2_p0002,vid2world,Vid2World (CSGO),shared_GT_input_reference,0,0,3580,0,,reference,A_map_geometry/frames/03_vid2world/t2_p0002/A_03_vid2world_T2-P0002_t00s_f000_INPUT_REFERENCE.png,832,480,5a2f5917b5ae0e1d46927a0f9f9746e7a91c6a50716055a2792cecd6c94031bc,1ac80083a0ecbc82d49ceff6429e3f9ebbd2517650521a8cf9959c0e67f62da0
A,f45a714cfdce40dcb67797de97d09da5/Ep_000016/3580,t2_p0004,vid2world,Vid2World (CSGO),shared_GT_input_reference,0,0,3580,0,,reference,A_map_geometry/frames/03_vid2world/t2_p0004/A_03_vid2world_T2-P0004_t00s_f000_INPUT_REFERENCE.png,832,480,c8fd8a0f6f8a0569bca90d0cc8b902911e78935ce02064757b67ba26c7ffe044,68da37875b44deed07927d5c077b37740230a4e9a02a8574662a11b4b886cc07
A,f45a714cfdce40dcb67797de97d09da5/Ep_000016/3580,t2_p0002,vid2world,Vid2World (CSGO),generated,1,16,3612,15,0,9 pre-start RGB frames + 51-D CSGO actions,A_map_geometry/frames/03_vid2world/t2_p0002/A_03_vid2world_T2-P0002_t01s_f016.png,832,480,5bfd571b4ceac671e9a28cbbff717adf7ca788ae328a93015ac01c1007ae371e,8f2261eac861694d5e3d6fa3296756b79664a1dd4afcd26b3183092a4b9b98ae
A,f45a714cfdce40dcb67797de97d09da5/Ep_000016/3580,t2_p0004,vid2world,Vid2World (CSGO),generated,1,16,3612,15,0,9 pre-start RGB frames + 51-D CSGO actions,A_map_geometry/frames/03_vid2world/t2_p0004/A_03_vid2world_T2-P0004_t01s_f016.png,832,480,815309b873adf92bd0c40664b7a1e478b2a8bf7606f3c45f75dfad3b0decbe25,f75cb5f953fdceca1d151f358beb2292bf596a3a75cb5d05a3cc728f9a24c5fe
A,f45a714cfdce40dcb67797de97d09da5/Ep_000016/3580,t2_p0002,vid2world,Vid2World (CSGO),generated,2,32,3644,31,0,9 pre-start RGB frames + 51-D CSGO actions,A_map_geometry/frames/03_vid2world/t2_p0002/A_03_vid2world_T2-P0002_t02s_f032.png,832,480,0b9c893af72dbe22385e486bcb55853cafb96bdd2e30022c3b430ef01197aa74,8f2261eac861694d5e3d6fa3296756b79664a1dd4afcd26b3183092a4b9b98ae
A,f45a714cfdce40dcb67797de97d09da5/Ep_000016/3580,t2_p0004,vid2world,Vid2World (CSGO),generated,2,32,3644,31,0,9 pre-start RGB frames + 51-D CSGO actions,A_map_geometry/frames/03_vid2world/t2_p0004/A_03_vid2world_T2-P0004_t02s_f032.png,832,480,7f459ee523588adadfc322c0f199ee69bda254b86cfed2d8b3e557457c708d1e,f75cb5f953fdceca1d151f358beb2292bf596a3a75cb5d05a3cc728f9a24c5fe
A,f45a714cfdce40dcb67797de97d09da5/Ep_000016/3580,t2_p0002,multiworld,MultiWorld (480p FullData),shared_GT_input_reference,0,0,3580,0,,reference,A_map_geometry/frames/04_multiworld/t2_p0002/A_04_multiworld_T2-P0002_t00s_f000_INPUT_REFERENCE.png,832,480,5a2f5917b5ae0e1d46927a0f9f9746e7a91c6a50716055a2792cecd6c94031bc,1ac80083a0ecbc82d49ceff6429e3f9ebbd2517650521a8cf9959c0e67f62da0
A,f45a714cfdce40dcb67797de97d09da5/Ep_000016/3580,t2_p0004,multiworld,MultiWorld (480p FullData),shared_GT_input_reference,0,0,3580,0,,reference,A_map_geometry/frames/04_multiworld/t2_p0004/A_04_multiworld_T2-P0004_t00s_f000_INPUT_REFERENCE.png,832,480,c8fd8a0f6f8a0569bca90d0cc8b902911e78935ce02064757b67ba26c7ffe044,68da37875b44deed07927d5c077b37740230a4e9a02a8574662a11b4b886cc07
A,f45a714cfdce40dcb67797de97d09da5/Ep_000016/3580,t2_p0002,multiworld,MultiWorld (480p FullData),generated,1,16,3612,15,0,paired initial RGB + mapped actions,A_map_geometry/frames/04_multiworld/t2_p0002/A_04_multiworld_T2-P0002_t01s_f016.png,832,480,0ed11c25dc73140fbe68383b533a320aad563f9fb553d8543346c8cd59c8a3f3,e21a06496f5957911474ea5dbf1b1c3640bee9ced791619d6d6f9304d495bb9e
A,f45a714cfdce40dcb67797de97d09da5/Ep_000016/3580,t2_p0004,multiworld,MultiWorld (480p FullData),generated,1,16,3612,15,0,paired initial RGB + mapped actions,A_map_geometry/frames/04_multiworld/t2_p0004/A_04_multiworld_T2-P0004_t01s_f016.png,832,480,ff4623173911f16e5996a37f1fa24600ed0bb8b9592129a54a0fa9bf90b88e5a,28178d4d48ba036da624af0dfa00e913ed66b2aa9ba9dcbed2405983a9bb3f6f
A,f45a714cfdce40dcb67797de97d09da5/Ep_000016/3580,t2_p0002,multiworld,MultiWorld (480p FullData),generated,2,32,3644,31,0,paired initial RGB + mapped actions,A_map_geometry/frames/04_multiworld/t2_p0002/A_04_multiworld_T2-P0002_t02s_f032.png,832,480,6cbb51caa77543031e09594cfa5926000b203b111847563b3576ed35be7cf38d,e21a06496f5957911474ea5dbf1b1c3640bee9ced791619d6d6f9304d495bb9e
A,f45a714cfdce40dcb67797de97d09da5/Ep_000016/3580,t2_p0004,multiworld,MultiWorld (480p FullData),generated,2,32,3644,31,0,paired initial RGB + mapped actions,A_map_geometry/frames/04_multiworld/t2_p0004/A_04_multiworld_T2-P0004_t02s_f032.png,832,480,f65ab932d8af9313e9e536385413d7b322b44c871fd42921bcdf35524e019c23,28178d4d48ba036da624af0dfa00e913ed66b2aa9ba9dcbed2405983a9bb3f6f
A,f45a714cfdce40dcb67797de97d09da5/Ep_000016/3580,t2_p0002,solaris,Solaris (Minecraft pretrained),shared_GT_input_reference,0,0,3580,0,,reference,A_map_geometry/frames/05_solaris_minecraft/t2_p0002/A_05_solaris_minecraft_T2-P0002_t00s_f000_INPUT_REFERENCE.png,832,480,5a2f5917b5ae0e1d46927a0f9f9746e7a91c6a50716055a2792cecd6c94031bc,1ac80083a0ecbc82d49ceff6429e3f9ebbd2517650521a8cf9959c0e67f62da0
A,f45a714cfdce40dcb67797de97d09da5/Ep_000016/3580,t2_p0004,solaris,Solaris (Minecraft pretrained),shared_GT_input_reference,0,0,3580,0,,reference,A_map_geometry/frames/05_solaris_minecraft/t2_p0004/A_05_solaris_minecraft_T2-P0004_t00s_f000_INPUT_REFERENCE.png,832,480,c8fd8a0f6f8a0569bca90d0cc8b902911e78935ce02064757b67ba26c7ffe044,68da37875b44deed07927d5c077b37740230a4e9a02a8574662a11b4b886cc07
A,f45a714cfdce40dcb67797de97d09da5/Ep_000016/3580,t2_p0002,solaris,Solaris (Minecraft pretrained),generated,1,16,3612,16,,initial RGB + mapped actions,A_map_geometry/frames/05_solaris_minecraft/t2_p0002/A_05_solaris_minecraft_T2-P0002_t01s_f016.png,832,480,9f0b727c169c98db24b99666708e6d935f93aec8143925aadfbe4c7687fac2ca,47a8cc1e8599f088c1624fde26ec720999b926a09e954498fadeff4366369621
A,f45a714cfdce40dcb67797de97d09da5/Ep_000016/3580,t2_p0004,solaris,Solaris (Minecraft pretrained),generated,1,16,3612,16,,initial RGB + mapped actions,A_map_geometry/frames/05_solaris_minecraft/t2_p0004/A_05_solaris_minecraft_T2-P0004_t01s_f016.png,832,480,46496b9fa10b7bedf11bd8390baa3814687152568e1f5aeaff0198d8e31c3c1b,f6cc85b413e50ef096d6ccb942477b5e3decebedd163a7924b9255bf69672dd5
A,f45a714cfdce40dcb67797de97d09da5/Ep_000016/3580,t2_p0002,solaris,Solaris (Minecraft pretrained),generated,2,32,3644,32,,initial RGB + mapped actions,A_map_geometry/frames/05_solaris_minecraft/t2_p0002/A_05_solaris_minecraft_T2-P0002_t02s_f032.png,832,480,86d5955b6907c5309e5bb58432d603d7ee47fe66783721c778a862084b2fbe89,47a8cc1e8599f088c1624fde26ec720999b926a09e954498fadeff4366369621
A,f45a714cfdce40dcb67797de97d09da5/Ep_000016/3580,t2_p0004,solaris,Solaris (Minecraft pretrained),generated,2,32,3644,32,,initial RGB + mapped actions,A_map_geometry/frames/05_solaris_minecraft/t2_p0004/A_05_solaris_minecraft_T2-P0004_t02s_f032.png,832,480,45a971a2ca5ec1057930f1fb98d91423a67e8c8bf65e3fe1bd6e928f2e5144ff,f6cc85b413e50ef096d6ccb942477b5e3decebedd163a7924b9255bf69672dd5
A,f45a714cfdce40dcb67797de97d09da5/Ep_000016/3580,t2_p0002,ours,Ours (step8500),shared_GT_input_reference,0,0,3580,0,,reference,A_map_geometry/frames/06_ours/t2_p0002/A_06_ours_T2-P0002_t00s_f000_INPUT_REFERENCE.png,832,480,5a2f5917b5ae0e1d46927a0f9f9746e7a91c6a50716055a2792cecd6c94031bc,1ac80083a0ecbc82d49ceff6429e3f9ebbd2517650521a8cf9959c0e67f62da0
A,f45a714cfdce40dcb67797de97d09da5/Ep_000016/3580,t2_p0004,ours,Ours (step8500),shared_GT_input_reference,0,0,3580,0,,reference,A_map_geometry/frames/06_ours/t2_p0004/A_06_ours_T2-P0004_t00s_f000_INPUT_REFERENCE.png,832,480,c8fd8a0f6f8a0569bca90d0cc8b902911e78935ce02064757b67ba26c7ffe044,68da37875b44deed07927d5c077b37740230a4e9a02a8574662a11b4b886cc07
A,f45a714cfdce40dcb67797de97d09da5/Ep_000016/3580,t2_p0002,ours,Ours (step8500),generated,1,16,3612,16,20260818,initial RGB + camera + dense/state,A_map_geometry/frames/06_ours/t2_p0002/A_06_ours_T2-P0002_t01s_f016.png,832,480,b87df125db857915bc2007100dea424dedd6bed2bfa01829f362269eabeb7a4b,afc3843829835ad89e66e9b7a62cf7380eb9b72052455be850adf85a0c99fe46
A,f45a714cfdce40dcb67797de97d09da5/Ep_000016/3580,t2_p0004,ours,Ours (step8500),generated,1,16,3612,16,20260818,initial RGB + camera + dense/state,A_map_geometry/frames/06_ours/t2_p0004/A_06_ours_T2-P0004_t01s_f016.png,832,480,1a15121c8d3d8c5d6060ffc49ccd72850aa59c5ece69f2a988d61b8f3c17ace9,42aa0b0a0bf912a83fbfa80d39fdfec806b6a5f161aeed5555bc24417c1e9b87
A,f45a714cfdce40dcb67797de97d09da5/Ep_000016/3580,t2_p0002,ours,Ours (step8500),generated,2,32,3644,32,20260818,initial RGB + camera + dense/state,A_map_geometry/frames/06_ours/t2_p0002/A_06_ours_T2-P0002_t02s_f032.png,832,480,a955a85898ce6aff5069e86b591ac9706ca8e08e4a7148d0c4158de65696b754,afc3843829835ad89e66e9b7a62cf7380eb9b72052455be850adf85a0c99fe46
A,f45a714cfdce40dcb67797de97d09da5/Ep_000016/3580,t2_p0004,ours,Ours (step8500),generated,2,32,3644,32,20260818,initial RGB + camera + dense/state,A_map_geometry/frames/06_ours/t2_p0004/A_06_ours_T2-P0004_t02s_f032.png,832,480,6872011f128785ee41960675881513e8a81628831d1ded428cc0ad04a73d3e52,42aa0b0a0bf912a83fbfa80d39fdfec806b6a5f161aeed5555bc24417c1e9b87
A,f45a714cfdce40dcb67797de97d09da5/Ep_000016/3580,t2_p0002,gt,Ground truth,ground_truth,3,48,3676,48,,reference,A_map_geometry/frames/00_gt/t2_p0002/A_00_gt_T2-P0002_t03s_f048.png,832,480,6ef0c5ca2778a05841af36a49f893c36dcd8cd2270503cfe746361d2c28d88ef,1ac80083a0ecbc82d49ceff6429e3f9ebbd2517650521a8cf9959c0e67f62da0
A,f45a714cfdce40dcb67797de97d09da5/Ep_000016/3580,t2_p0004,gt,Ground truth,ground_truth,3,48,3676,48,,reference,A_map_geometry/frames/00_gt/t2_p0004/A_00_gt_T2-P0004_t03s_f048.png,832,480,a202ad2192606ec6e618847b5d72b552f3ceb32014c1430e4429b90cb662f072,68da37875b44deed07927d5c077b37740230a4e9a02a8574662a11b4b886cc07
A,f45a714cfdce40dcb67797de97d09da5/Ep_000016/3580,t2_p0002,gt,Ground truth,ground_truth,4,64,3708,64,,reference,A_map_geometry/frames/00_gt/t2_p0002/A_00_gt_T2-P0002_t04s_f064.png,832,480,ffec74eabe70a5ffd13bbcf386b1747f3931bfc6a4114d180dd13c76402baf58,1ac80083a0ecbc82d49ceff6429e3f9ebbd2517650521a8cf9959c0e67f62da0
A,f45a714cfdce40dcb67797de97d09da5/Ep_000016/3580,t2_p0004,gt,Ground truth,ground_truth,4,64,3708,64,,reference,A_map_geometry/frames/00_gt/t2_p0004/A_00_gt_T2-P0004_t04s_f064.png,832,480,eb079d298ea13402f27682273126473f7eda63505813e2d33af6c519b9b882a7,68da37875b44deed07927d5c077b37740230a4e9a02a8574662a11b4b886cc07
A,f45a714cfdce40dcb67797de97d09da5/Ep_000016/3580,t2_p0002,gt,Ground truth,ground_truth,5,80,3740,80,,reference,A_map_geometry/frames/00_gt/t2_p0002/A_00_gt_T2-P0002_t05s_f080.png,832,480,91b9bffc419635161c48acbaa2b1a95ca99cffa56c0b105720ea4f079422632b,1ac80083a0ecbc82d49ceff6429e3f9ebbd2517650521a8cf9959c0e67f62da0
A,f45a714cfdce40dcb67797de97d09da5/Ep_000016/3580,t2_p0004,gt,Ground truth,ground_truth,5,80,3740,80,,reference,A_map_geometry/frames/00_gt/t2_p0004/A_00_gt_T2-P0004_t05s_f080.png,832,480,d293763827eba50deeff69b4f65f324adb1d5c2b7ae2f36967737e63443d2cae,68da37875b44deed07927d5c077b37740230a4e9a02a8574662a11b4b886cc07
A,f45a714cfdce40dcb67797de97d09da5/Ep_000016/3580,t2_p0002,base,LingBot-World Base-Cam,generated,3,48,3676,48,20260818,initial RGB + complete camera trajectory,A_map_geometry/frames/01_lingbot_base/t2_p0002/A_01_lingbot_base_T2-P0002_t03s_f048.png,832,480,2e1f5a21cb5738834bd5b5de2dd92ea4961da53a192ae0910e1bf2732c1ad006,e0bf2adee7861a7c69a86f078fde6fb5455245c86c578d5e6a48fe9f91c8d7ae
A,f45a714cfdce40dcb67797de97d09da5/Ep_000016/3580,t2_p0004,base,LingBot-World Base-Cam,generated,3,48,3676,48,20260818,initial RGB + complete camera trajectory,A_map_geometry/frames/01_lingbot_base/t2_p0004/A_01_lingbot_base_T2-P0004_t03s_f048.png,832,480,8b68a8c4f3bb1e172f5a0da1158b4ad9667a130c4945368588982d08040b0c50,ea5907f29a3a6b0a86d1181c873524b7f40f503ba63ae23aae5d8ba57ac46ea4
A,f45a714cfdce40dcb67797de97d09da5/Ep_000016/3580,t2_p0002,base,LingBot-World Base-Cam,generated,4,64,3708,64,20260818,initial RGB + complete camera trajectory,A_map_geometry/frames/01_lingbot_base/t2_p0002/A_01_lingbot_base_T2-P0002_t04s_f064.png,832,480,3b4acc455914ebaaca5b62049eaa76439502d2568c17a3877b12451d7b114ffb,e0bf2adee7861a7c69a86f078fde6fb5455245c86c578d5e6a48fe9f91c8d7ae
A,f45a714cfdce40dcb67797de97d09da5/Ep_000016/3580,t2_p0004,base,LingBot-World Base-Cam,generated,4,64,3708,64,20260818,initial RGB + complete camera trajectory,A_map_geometry/frames/01_lingbot_base/t2_p0004/A_01_lingbot_base_T2-P0004_t04s_f064.png,832,480,790ec5bee8d10cd428e82905d8b070e4d32b26ed8f5f66130d91275bac2fd46e,ea5907f29a3a6b0a86d1181c873524b7f40f503ba63ae23aae5d8ba57ac46ea4
A,f45a714cfdce40dcb67797de97d09da5/Ep_000016/3580,t2_p0002,base,LingBot-World Base-Cam,generated,5,80,3740,80,20260818,initial RGB + complete camera trajectory,A_map_geometry/frames/01_lingbot_base/t2_p0002/A_01_lingbot_base_T2-P0002_t05s_f080.png,832,480,9acbd783e530eae75c8551e0be9e45b3d2211b267a7674c965c9cfa2ebe1a0ff,e0bf2adee7861a7c69a86f078fde6fb5455245c86c578d5e6a48fe9f91c8d7ae
A,f45a714cfdce40dcb67797de97d09da5/Ep_000016/3580,t2_p0004,base,LingBot-World Base-Cam,generated,5,80,3740,80,20260818,initial RGB + complete camera trajectory,A_map_geometry/frames/01_lingbot_base/t2_p0004/A_01_lingbot_base_T2-P0004_t05s_f080.png,832,480,ed91bb9991e86ebd17c4f07dd93600a611f2dcd6f3b61ddb6824121da73f2546,ea5907f29a3a6b0a86d1181c873524b7f40f503ba63ae23aae5d8ba57ac46ea4
A,f45a714cfdce40dcb67797de97d09da5/Ep_000016/3580,t2_p0002,b1,Direct Residual (B1 step50; resource-limited),generated,3,48,3676,48,20260818,initial RGB + camera + dense/state,A_map_geometry/frames/02_direct_residual_b1/t2_p0002/A_02_direct_residual_b1_T2-P0002_t03s_f048.png,832,480,5b32a747da98d117a7a5e092cddf2ab01090a19147e5e7048909dfa7217a464e,152792a4ad0673fdc9a18b309aa4ff023313da4aed5c1b7d80fe370b587b1391
A,f45a714cfdce40dcb67797de97d09da5/Ep_000016/3580,t2_p0004,b1,Direct Residual (B1 step50; resource-limited),generated,3,48,3676,48,20260818,initial RGB + camera + dense/state,A_map_geometry/frames/02_direct_residual_b1/t2_p0004/A_02_direct_residual_b1_T2-P0004_t03s_f048.png,832,480,3556da527d15d24a02b52d61cd845c58e14e0e50aee557415681438890af2cb9,b0d7d486de90d730226bccdce24f7c8a1730f56cf3d6ac7e5a026e0744ff18a6
A,f45a714cfdce40dcb67797de97d09da5/Ep_000016/3580,t2_p0002,b1,Direct Residual (B1 step50; resource-limited),generated,4,64,3708,64,20260818,initial RGB + camera + dense/state,A_map_geometry/frames/02_direct_residual_b1/t2_p0002/A_02_direct_residual_b1_T2-P0002_t04s_f064.png,832,480,ccbc1c85aa8ffc54d741e5536c4c812decc2cb0a5ec80b118747901649b03d48,152792a4ad0673fdc9a18b309aa4ff023313da4aed5c1b7d80fe370b587b1391
A,f45a714cfdce40dcb67797de97d09da5/Ep_000016/3580,t2_p0004,b1,Direct Residual (B1 step50; resource-limited),generated,4,64,3708,64,20260818,initial RGB + camera + dense/state,A_map_geometry/frames/02_direct_residual_b1/t2_p0004/A_02_direct_residual_b1_T2-P0004_t04s_f064.png,832,480,212ae30fcd6d892afe2866aca1c58a9912ff34d73f2698d20b01c39c084ed736,b0d7d486de90d730226bccdce24f7c8a1730f56cf3d6ac7e5a026e0744ff18a6
A,f45a714cfdce40dcb67797de97d09da5/Ep_000016/3580,t2_p0002,b1,Direct Residual (B1 step50; resource-limited),generated,5,80,3740,80,20260818,initial RGB + camera + dense/state,A_map_geometry/frames/02_direct_residual_b1/t2_p0002/A_02_direct_residual_b1_T2-P0002_t05s_f080.png,832,480,12e1e278ec8afa48781b9f66257d0a4b39d34bd8425e979ac0565651ca7ff509,152792a4ad0673fdc9a18b309aa4ff023313da4aed5c1b7d80fe370b587b1391
A,f45a714cfdce40dcb67797de97d09da5/Ep_000016/3580,t2_p0004,b1,Direct Residual (B1 step50; resource-limited),generated,5,80,3740,80,20260818,initial RGB + camera + dense/state,A_map_geometry/frames/02_direct_residual_b1/t2_p0004/A_02_direct_residual_b1_T2-P0004_t05s_f080.png,832,480,183a59bcb578268ce9fcf69b27988744f07bc1f98f2276137e4fff8b9e72a0cd,b0d7d486de90d730226bccdce24f7c8a1730f56cf3d6ac7e5a026e0744ff18a6
A,f45a714cfdce40dcb67797de97d09da5/Ep_000016/3580,t2_p0002,vid2world,Vid2World (CSGO),generated,3,48,3676,47,0,9 pre-start RGB frames + 51-D CSGO actions,A_map_geometry/frames/03_vid2world/t2_p0002/A_03_vid2world_T2-P0002_t03s_f048.png,832,480,bd8e92ee9ade438773222b63cee175385c2ad831350d001e394a6a8c4939b717,8f2261eac861694d5e3d6fa3296756b79664a1dd4afcd26b3183092a4b9b98ae
A,f45a714cfdce40dcb67797de97d09da5/Ep_000016/3580,t2_p0004,vid2world,Vid2World (CSGO),generated,3,48,3676,47,0,9 pre-start RGB frames + 51-D CSGO actions,A_map_geometry/frames/03_vid2world/t2_p0004/A_03_vid2world_T2-P0004_t03s_f048.png,832,480,0f02bebe1cd11ac8a9c0521b88865cdf3fb32dcc3c8516e2f527e0f85ebc4900,f75cb5f953fdceca1d151f358beb2292bf596a3a75cb5d05a3cc728f9a24c5fe
A,f45a714cfdce40dcb67797de97d09da5/Ep_000016/3580,t2_p0002,vid2world,Vid2World (CSGO),generated,4,64,3708,63,0,9 pre-start RGB frames + 51-D CSGO actions,A_map_geometry/frames/03_vid2world/t2_p0002/A_03_vid2world_T2-P0002_t04s_f064.png,832,480,2af2ca3ac24834573148d7a93dbed863f7a47ae94fdbece87142c8b86265c33e,8f2261eac861694d5e3d6fa3296756b79664a1dd4afcd26b3183092a4b9b98ae
A,f45a714cfdce40dcb67797de97d09da5/Ep_000016/3580,t2_p0004,vid2world,Vid2World (CSGO),generated,4,64,3708,63,0,9 pre-start RGB frames + 51-D CSGO actions,A_map_geometry/frames/03_vid2world/t2_p0004/A_03_vid2world_T2-P0004_t04s_f064.png,832,480,2b02a9bd313ce27fc4d5b979eebfec3141101472b3bfa7b3b2bff97eaec5e766,f75cb5f953fdceca1d151f358beb2292bf596a3a75cb5d05a3cc728f9a24c5fe
A,f45a714cfdce40dcb67797de97d09da5/Ep_000016/3580,t2_p0002,vid2world,Vid2World (CSGO),generated,5,80,3740,79,0,9 pre-start RGB frames + 51-D CSGO actions,A_map_geometry/frames/03_vid2world/t2_p0002/A_03_vid2world_T2-P0002_t05s_f080.png,832,480,30b1552776909cb9579a3e688803904810cf6436e60409f85a5ec6b075c1999c,8f2261eac861694d5e3d6fa3296756b79664a1dd4afcd26b3183092a4b9b98ae
A,f45a714cfdce40dcb67797de97d09da5/Ep_000016/3580,t2_p0004,vid2world,Vid2World (CSGO),generated,5,80,3740,79,0,9 pre-start RGB frames + 51-D CSGO actions,A_map_geometry/frames/03_vid2world/t2_p0004/A_03_vid2world_T2-P0004_t05s_f080.png,832,480,46f508fe8adf180b0f7dc068c95e37c713e729eac7614d311500b429ee690a18,f75cb5f953fdceca1d151f358beb2292bf596a3a75cb5d05a3cc728f9a24c5fe
A,f45a714cfdce40dcb67797de97d09da5/Ep_000016/3580,t2_p0002,multiworld,MultiWorld (480p FullData),generated,3,48,3676,47,0,paired initial RGB + mapped actions,A_map_geometry/frames/04_multiworld/t2_p0002/A_04_multiworld_T2-P0002_t03s_f048.png,832,480,a52283608b006d311449c3c798351d91c90b5216cc958582a85c9d3d12fbf5d7,e21a06496f5957911474ea5dbf1b1c3640bee9ced791619d6d6f9304d495bb9e
A,f45a714cfdce40dcb67797de97d09da5/Ep_000016/3580,t2_p0004,multiworld,MultiWorld (480p FullData),generated,3,48,3676,47,0,paired initial RGB + mapped actions,A_map_geometry/frames/04_multiworld/t2_p0004/A_04_multiworld_T2-P0004_t03s_f048.png,832,480,767a54d4fb12a03a069614f47c580dc8c461819efd8adcfd5a880989549e211d,28178d4d48ba036da624af0dfa00e913ed66b2aa9ba9dcbed2405983a9bb3f6f
A,f45a714cfdce40dcb67797de97d09da5/Ep_000016/3580,t2_p0002,multiworld,MultiWorld (480p FullData),generated,4,64,3708,63,0,paired initial RGB + mapped actions,A_map_geometry/frames/04_multiworld/t2_p0002/A_04_multiworld_T2-P0002_t04s_f064.png,832,480,4691a09376e058023edf628c7d9dd66fb2581c86edc90475376d6c2e3d2a0baf,e21a06496f5957911474ea5dbf1b1c3640bee9ced791619d6d6f9304d495bb9e
A,f45a714cfdce40dcb67797de97d09da5/Ep_000016/3580,t2_p0004,multiworld,MultiWorld (480p FullData),generated,4,64,3708,63,0,paired initial RGB + mapped actions,A_map_geometry/frames/04_multiworld/t2_p0004/A_04_multiworld_T2-P0004_t04s_f064.png,832,480,a0c59205a287f4fd25fb1b3332696677c2507b754b52611f421db38944f0afb2,28178d4d48ba036da624af0dfa00e913ed66b2aa9ba9dcbed2405983a9bb3f6f
A,f45a714cfdce40dcb67797de97d09da5/Ep_000016/3580,t2_p0002,multiworld,MultiWorld (480p FullData),generated,5,80,3740,79,0,paired initial RGB + mapped actions,A_map_geometry/frames/04_multiworld/t2_p0002/A_04_multiworld_T2-P0002_t05s_f080.png,832,480,0efde74fab2c06ea16a55523b1cb57d8675a143606dc7308b86d719277d0acbb,e21a06496f5957911474ea5dbf1b1c3640bee9ced791619d6d6f9304d495bb9e
A,f45a714cfdce40dcb67797de97d09da5/Ep_000016/3580,t2_p0004,multiworld,MultiWorld (480p FullData),generated,5,80,3740,79,0,paired initial RGB + mapped actions,A_map_geometry/frames/04_multiworld/t2_p0004/A_04_multiworld_T2-P0004_t05s_f080.png,832,480,aea2a9c40d4f64c05428a155bcb7f5d8808bda355a157ebc0dd47f275fa8deb6,28178d4d48ba036da624af0dfa00e913ed66b2aa9ba9dcbed2405983a9bb3f6f
A,f45a714cfdce40dcb67797de97d09da5/Ep_000016/3580,t2_p0002,solaris,Solaris (Minecraft pretrained),generated,3,48,3676,48,,initial RGB + mapped actions,A_map_geometry/frames/05_solaris_minecraft/t2_p0002/A_05_solaris_minecraft_T2-P0002_t03s_f048.png,832,480,9dd90ea28c137d12ba0f20dd6fc02058f11c3e4e3f696e7c808b2b8090bf5760,47a8cc1e8599f088c1624fde26ec720999b926a09e954498fadeff4366369621
A,f45a714cfdce40dcb67797de97d09da5/Ep_000016/3580,t2_p0004,solaris,Solaris (Minecraft pretrained),generated,3,48,3676,48,,initial RGB + mapped actions,A_map_geometry/frames/05_solaris_minecraft/t2_p0004/A_05_solaris_minecraft_T2-P0004_t03s_f048.png,832,480,79ffed56d8568c45e5f5ae01cf83a1295de7cfb6c3815a2ca79156b8e59b5542,f6cc85b413e50ef096d6ccb942477b5e3decebedd163a7924b9255bf69672dd5
A,f45a714cfdce40dcb67797de97d09da5/Ep_000016/3580,t2_p0002,solaris,Solaris (Minecraft pretrained),generated,4,64,3708,64,,initial RGB + mapped actions,A_map_geometry/frames/05_solaris_minecraft/t2_p0002/A_05_solaris_minecraft_T2-P0002_t04s_f064.png,832,480,a9f4f04141411e5503ae17b84fa76ec109af3a491c78b85e0dbef539f7f80ef4,47a8cc1e8599f088c1624fde26ec720999b926a09e954498fadeff4366369621
A,f45a714cfdce40dcb67797de97d09da5/Ep_000016/3580,t2_p0004,solaris,Solaris (Minecraft pretrained),generated,4,64,3708,64,,initial RGB + mapped actions,A_map_geometry/frames/05_solaris_minecraft/t2_p0004/A_05_solaris_minecraft_T2-P0004_t04s_f064.png,832,480,fb62640c5a4731d24c56ca84c73b28b87fc8a5a102ebc876b78b2292c6f12057,f6cc85b413e50ef096d6ccb942477b5e3decebedd163a7924b9255bf69672dd5
A,f45a714cfdce40dcb67797de97d09da5/Ep_000016/3580,t2_p0002,solaris,Solaris (Minecraft pretrained),generated,5,80,3740,80,,initial RGB + mapped actions,A_map_geometry/frames/05_solaris_minecraft/t2_p0002/A_05_solaris_minecraft_T2-P0002_t05s_f080.png,832,480,cae32802a563b796f7311b5f95d52b48a7a68c0dafeb09f9a418a1729191e46c,47a8cc1e8599f088c1624fde26ec720999b926a09e954498fadeff4366369621
A,f45a714cfdce40dcb67797de97d09da5/Ep_000016/3580,t2_p0004,solaris,Solaris (Minecraft pretrained),generated,5,80,3740,80,,initial RGB + mapped actions,A_map_geometry/frames/05_solaris_minecraft/t2_p0004/A_05_solaris_minecraft_T2-P0004_t05s_f080.png,832,480,914383e29eb99b256c15577d0894844902aa5814fb25e08508fab3fe7062a7f0,f6cc85b413e50ef096d6ccb942477b5e3decebedd163a7924b9255bf69672dd5
A,f45a714cfdce40dcb67797de97d09da5/Ep_000016/3580,t2_p0002,ours,Ours (step8500),generated,3,48,3676,48,20260818,initial RGB + camera + dense/state,A_map_geometry/frames/06_ours/t2_p0002/A_06_ours_T2-P0002_t03s_f048.png,832,480,81fd75d8d75cdb4fe997bfc2510375bd7593d2ca752fe7e573154634d12c7c8a,afc3843829835ad89e66e9b7a62cf7380eb9b72052455be850adf85a0c99fe46
A,f45a714cfdce40dcb67797de97d09da5/Ep_000016/3580,t2_p0004,ours,Ours (step8500),generated,3,48,3676,48,20260818,initial RGB + camera + dense/state,A_map_geometry/frames/06_ours/t2_p0004/A_06_ours_T2-P0004_t03s_f048.png,832,480,ed538d85179eb3e789bfb268a12280ca5ed55ae06cbc88c7901ce5c9d9a319b3,42aa0b0a0bf912a83fbfa80d39fdfec806b6a5f161aeed5555bc24417c1e9b87
A,f45a714cfdce40dcb67797de97d09da5/Ep_000016/3580,t2_p0002,ours,Ours (step8500),generated,4,64,3708,64,20260818,initial RGB + camera + dense/state,A_map_geometry/frames/06_ours/t2_p0002/A_06_ours_T2-P0002_t04s_f064.png,832,480,ead7e936f179d2aa1dd8ad709d7f2dd0b09618fae892fb97e22104478f7de7e4,afc3843829835ad89e66e9b7a62cf7380eb9b72052455be850adf85a0c99fe46
A,f45a714cfdce40dcb67797de97d09da5/Ep_000016/3580,t2_p0004,ours,Ours (step8500),generated,4,64,3708,64,20260818,initial RGB + camera + dense/state,A_map_geometry/frames/06_ours/t2_p0004/A_06_ours_T2-P0004_t04s_f064.png,832,480,f7f7b9900466079bcad655a32e6759f8a19ea297ff8a37294b5ac76cb14a20e7,42aa0b0a0bf912a83fbfa80d39fdfec806b6a5f161aeed5555bc24417c1e9b87
A,f45a714cfdce40dcb67797de97d09da5/Ep_000016/3580,t2_p0002,ours,Ours (step8500),generated,5,80,3740,80,20260818,initial RGB + camera + dense/state,A_map_geometry/frames/06_ours/t2_p0002/A_06_ours_T2-P0002_t05s_f080.png,832,480,660ec36f7460cd89e74f8227687d83665414a9ff24ca96cfe620d0d594a7f418,afc3843829835ad89e66e9b7a62cf7380eb9b72052455be850adf85a0c99fe46
A,f45a714cfdce40dcb67797de97d09da5/Ep_000016/3580,t2_p0004,ours,Ours (step8500),generated,5,80,3740,80,20260818,initial RGB + camera + dense/state,A_map_geometry/frames/06_ours/t2_p0004/A_06_ours_T2-P0004_t05s_f080.png,832,480,482863cf03c9b3c14af2e7f2b0a9dcc9de713df70a3892adb44f203628af26cc,42aa0b0a0bf912a83fbfa80d39fdfec806b6a5f161aeed5555bc24417c1e9b87
B,70858196c44042e3b883fe12eae571df/Ep_000017/16,t3_p0004,gt,Ground truth,shared_GT_input_reference,0,0,16,0,,reference,B_player_visibility/frames/00_gt/t3_p0004/B_00_gt_T3-P0004_t00s_f000_INPUT_REFERENCE.png,832,480,7a738e6bf0876f571c5081c6991981da5da07c8a7230cf0930bb1c05345e04aa,8f0a7da62badf28d034dc250f488d34fa5fce638ae32bde65073f54c3c040081
B,70858196c44042e3b883fe12eae571df/Ep_000017/16,t3_p0008,gt,Ground truth,shared_GT_input_reference,0,0,16,0,,reference,B_player_visibility/frames/00_gt/t3_p0008/B_00_gt_T3-P0008_t00s_f000_INPUT_REFERENCE.png,832,480,b55a6323ed27bd4b001801b2edb73d057a7c6088ff5b0d0267eb17c608f68336,909d8cac46ba7a4c2ec44e2b05bc73b02c0aab137e964ae8ada1c2a3f473cc45
B,70858196c44042e3b883fe12eae571df/Ep_000017/16,t3_p0004,gt,Ground truth,ground_truth,1,16,48,16,,reference,B_player_visibility/frames/00_gt/t3_p0004/B_00_gt_T3-P0004_t01s_f016.png,832,480,c32c2631c52eb35b1d2d2af539e17b14586422a64ba800ec98d1209e944839b1,8f0a7da62badf28d034dc250f488d34fa5fce638ae32bde65073f54c3c040081
B,70858196c44042e3b883fe12eae571df/Ep_000017/16,t3_p0008,gt,Ground truth,ground_truth,1,16,48,16,,reference,B_player_visibility/frames/00_gt/t3_p0008/B_00_gt_T3-P0008_t01s_f016.png,832,480,353d907ef2f77f4d62c63a4e206fca95e32c1e811c971fd8bcc9b5d6eb9fc361,909d8cac46ba7a4c2ec44e2b05bc73b02c0aab137e964ae8ada1c2a3f473cc45
B,70858196c44042e3b883fe12eae571df/Ep_000017/16,t3_p0004,gt,Ground truth,ground_truth,2,32,80,32,,reference,B_player_visibility/frames/00_gt/t3_p0004/B_00_gt_T3-P0004_t02s_f032.png,832,480,ce4fd2d374b754bab3eca5d7f17e384fba6f483f0aa33a092e17ff9bd55805f3,8f0a7da62badf28d034dc250f488d34fa5fce638ae32bde65073f54c3c040081
B,70858196c44042e3b883fe12eae571df/Ep_000017/16,t3_p0008,gt,Ground truth,ground_truth,2,32,80,32,,reference,B_player_visibility/frames/00_gt/t3_p0008/B_00_gt_T3-P0008_t02s_f032.png,832,480,67ce083f160ede1e7b126334ad58b38f2d2b73f4eea9cd474851800d92f0edbd,909d8cac46ba7a4c2ec44e2b05bc73b02c0aab137e964ae8ada1c2a3f473cc45
B,70858196c44042e3b883fe12eae571df/Ep_000017/16,t3_p0004,base,LingBot-World Base-Cam,shared_GT_input_reference,0,0,16,0,,reference,B_player_visibility/frames/01_lingbot_base/t3_p0004/B_01_lingbot_base_T3-P0004_t00s_f000_INPUT_REFERENCE.png,832,480,7a738e6bf0876f571c5081c6991981da5da07c8a7230cf0930bb1c05345e04aa,8f0a7da62badf28d034dc250f488d34fa5fce638ae32bde65073f54c3c040081
B,70858196c44042e3b883fe12eae571df/Ep_000017/16,t3_p0008,base,LingBot-World Base-Cam,shared_GT_input_reference,0,0,16,0,,reference,B_player_visibility/frames/01_lingbot_base/t3_p0008/B_01_lingbot_base_T3-P0008_t00s_f000_INPUT_REFERENCE.png,832,480,b55a6323ed27bd4b001801b2edb73d057a7c6088ff5b0d0267eb17c608f68336,909d8cac46ba7a4c2ec44e2b05bc73b02c0aab137e964ae8ada1c2a3f473cc45
B,70858196c44042e3b883fe12eae571df/Ep_000017/16,t3_p0004,base,LingBot-World Base-Cam,generated,1,16,48,16,20260818,initial RGB + complete camera trajectory,B_player_visibility/frames/01_lingbot_base/t3_p0004/B_01_lingbot_base_T3-P0004_t01s_f016.png,832,480,b30dc46f76893f780a35942f9eb36e99556c269d30cde42c38472a62f0ca9e16,c1966aadd4d9a26bd9346ced1a2b50da95a61d40d32e94045d836559cd078849
B,70858196c44042e3b883fe12eae571df/Ep_000017/16,t3_p0008,base,LingBot-World Base-Cam,generated,1,16,48,16,20260818,initial RGB + complete camera trajectory,B_player_visibility/frames/01_lingbot_base/t3_p0008/B_01_lingbot_base_T3-P0008_t01s_f016.png,832,480,e6440e97eb1d7ea063eb74432d256cf0b4b6fca564cf9f2f35209674294b2035,2f49ce373c3a75bb529791dd8a93b929f0774e725e4d07b6e16f036d4b472714
B,70858196c44042e3b883fe12eae571df/Ep_000017/16,t3_p0004,base,LingBot-World Base-Cam,generated,2,32,80,32,20260818,initial RGB + complete camera trajectory,B_player_visibility/frames/01_lingbot_base/t3_p0004/B_01_lingbot_base_T3-P0004_t02s_f032.png,832,480,cc6a24c3048a4aeb9219815405d87a3505c6d24a933e6a8e0438625bd45f6a52,c1966aadd4d9a26bd9346ced1a2b50da95a61d40d32e94045d836559cd078849
B,70858196c44042e3b883fe12eae571df/Ep_000017/16,t3_p0008,base,LingBot-World Base-Cam,generated,2,32,80,32,20260818,initial RGB + complete camera trajectory,B_player_visibility/frames/01_lingbot_base/t3_p0008/B_01_lingbot_base_T3-P0008_t02s_f032.png,832,480,7fbbfb03180f7418b18fe4881b00b5fe2c10d392c6791f10484792d25cd599d5,2f49ce373c3a75bb529791dd8a93b929f0774e725e4d07b6e16f036d4b472714
B,70858196c44042e3b883fe12eae571df/Ep_000017/16,t3_p0004,b1,Direct Residual (B1 step50; resource-limited),shared_GT_input_reference,0,0,16,0,,reference,B_player_visibility/frames/02_direct_residual_b1/t3_p0004/B_02_direct_residual_b1_T3-P0004_t00s_f000_INPUT_REFERENCE.png,832,480,7a738e6bf0876f571c5081c6991981da5da07c8a7230cf0930bb1c05345e04aa,8f0a7da62badf28d034dc250f488d34fa5fce638ae32bde65073f54c3c040081
B,70858196c44042e3b883fe12eae571df/Ep_000017/16,t3_p0008,b1,Direct Residual (B1 step50; resource-limited),shared_GT_input_reference,0,0,16,0,,reference,B_player_visibility/frames/02_direct_residual_b1/t3_p0008/B_02_direct_residual_b1_T3-P0008_t00s_f000_INPUT_REFERENCE.png,832,480,b55a6323ed27bd4b001801b2edb73d057a7c6088ff5b0d0267eb17c608f68336,909d8cac46ba7a4c2ec44e2b05bc73b02c0aab137e964ae8ada1c2a3f473cc45
B,70858196c44042e3b883fe12eae571df/Ep_000017/16,t3_p0004,b1,Direct Residual (B1 step50; resource-limited),generated,1,16,48,16,20260818,initial RGB + camera + dense/state,B_player_visibility/frames/02_direct_residual_b1/t3_p0004/B_02_direct_residual_b1_T3-P0004_t01s_f016.png,832,480,89ea48c6dbc5dcebd9b7b5c0fafe9b8f33498b75e8222f70a36128684e2e48e4,fbcdbbc2b7e40c1af229f7b134436b2db914509ad69718911999765e39bf2b9a
B,70858196c44042e3b883fe12eae571df/Ep_000017/16,t3_p0008,b1,Direct Residual (B1 step50; resource-limited),generated,1,16,48,16,20260818,initial RGB + camera + dense/state,B_player_visibility/frames/02_direct_residual_b1/t3_p0008/B_02_direct_residual_b1_T3-P0008_t01s_f016.png,832,480,01f2a3d7fb2dae10990279d3b6885d862fabdc20684e0b9e85ae3a8247c6ccc5,5e68aaa3789b617a172177f5173b7f1775aaf40354f18666539d827b4d3f3d97
B,70858196c44042e3b883fe12eae571df/Ep_000017/16,t3_p0004,b1,Direct Residual (B1 step50; resource-limited),generated,2,32,80,32,20260818,initial RGB + camera + dense/state,B_player_visibility/frames/02_direct_residual_b1/t3_p0004/B_02_direct_residual_b1_T3-P0004_t02s_f032.png,832,480,4fe8174b35b4728306cf03d6f560537f7741a5a797a3c4785f0fe59a27317539,fbcdbbc2b7e40c1af229f7b134436b2db914509ad69718911999765e39bf2b9a
B,70858196c44042e3b883fe12eae571df/Ep_000017/16,t3_p0008,b1,Direct Residual (B1 step50; resource-limited),generated,2,32,80,32,20260818,initial RGB + camera + dense/state,B_player_visibility/frames/02_direct_residual_b1/t3_p0008/B_02_direct_residual_b1_T3-P0008_t02s_f032.png,832,480,9fc0b65da969a82d71a9ef8d165473346f7b1cc76a170aa72d7e9c2ee784d0d9,5e68aaa3789b617a172177f5173b7f1775aaf40354f18666539d827b4d3f3d97
B,70858196c44042e3b883fe12eae571df/Ep_000017/16,t3_p0004,vid2world,Vid2World (CSGO),shared_GT_input_reference,0,0,16,0,,reference,B_player_visibility/frames/03_vid2world/t3_p0004/B_03_vid2world_T3-P0004_t00s_f000_INPUT_REFERENCE.png,832,480,7a738e6bf0876f571c5081c6991981da5da07c8a7230cf0930bb1c05345e04aa,8f0a7da62badf28d034dc250f488d34fa5fce638ae32bde65073f54c3c040081
B,70858196c44042e3b883fe12eae571df/Ep_000017/16,t3_p0008,vid2world,Vid2World (CSGO),shared_GT_input_reference,0,0,16,0,,reference,B_player_visibility/frames/03_vid2world/t3_p0008/B_03_vid2world_T3-P0008_t00s_f000_INPUT_REFERENCE.png,832,480,b55a6323ed27bd4b001801b2edb73d057a7c6088ff5b0d0267eb17c608f68336,909d8cac46ba7a4c2ec44e2b05bc73b02c0aab137e964ae8ada1c2a3f473cc45
B,70858196c44042e3b883fe12eae571df/Ep_000017/16,t3_p0004,vid2world,Vid2World (CSGO),generated,1,16,48,15,0,9 pre-start RGB frames + 51-D CSGO actions,B_player_visibility/frames/03_vid2world/t3_p0004/B_03_vid2world_T3-P0004_t01s_f016.png,832,480,93cded8db6776c8f45bc52cd1ecbfecc42fbe286b9871291f8a9ea8169c12121,2941ab9978d5119b0376ed0d1c44e49a5cde803294f838073be4ad06f3fbe531
B,70858196c44042e3b883fe12eae571df/Ep_000017/16,t3_p0008,vid2world,Vid2World (CSGO),generated,1,16,48,15,0,9 pre-start RGB frames + 51-D CSGO actions,B_player_visibility/frames/03_vid2world/t3_p0008/B_03_vid2world_T3-P0008_t01s_f016.png,832,480,a81268492db37af0eca3d5650d47d01b1a53d08e74ed8f9e5500f6eaf7019187,66a2fdde3523a64da302a7a2b98914df9414f993a2581ebf8e69dcf8495fa5d5
B,70858196c44042e3b883fe12eae571df/Ep_000017/16,t3_p0004,vid2world,Vid2World (CSGO),generated,2,32,80,31,0,9 pre-start RGB frames + 51-D CSGO actions,B_player_visibility/frames/03_vid2world/t3_p0004/B_03_vid2world_T3-P0004_t02s_f032.png,832,480,a4b43da17049903ad76ec584f574624d2664f82632387837c62205ed1c7d28fa,2941ab9978d5119b0376ed0d1c44e49a5cde803294f838073be4ad06f3fbe531
B,70858196c44042e3b883fe12eae571df/Ep_000017/16,t3_p0008,vid2world,Vid2World (CSGO),generated,2,32,80,31,0,9 pre-start RGB frames + 51-D CSGO actions,B_player_visibility/frames/03_vid2world/t3_p0008/B_03_vid2world_T3-P0008_t02s_f032.png,832,480,13813c1dd082233dc13e90cf61467edf2639db92f5b32fe93733f0548171cd99,66a2fdde3523a64da302a7a2b98914df9414f993a2581ebf8e69dcf8495fa5d5
B,70858196c44042e3b883fe12eae571df/Ep_000017/16,t3_p0004,multiworld,MultiWorld (480p FullData),shared_GT_input_reference,0,0,16,0,,reference,B_player_visibility/frames/04_multiworld/t3_p0004/B_04_multiworld_T3-P0004_t00s_f000_INPUT_REFERENCE.png,832,480,7a738e6bf0876f571c5081c6991981da5da07c8a7230cf0930bb1c05345e04aa,8f0a7da62badf28d034dc250f488d34fa5fce638ae32bde65073f54c3c040081
B,70858196c44042e3b883fe12eae571df/Ep_000017/16,t3_p0008,multiworld,MultiWorld (480p FullData),shared_GT_input_reference,0,0,16,0,,reference,B_player_visibility/frames/04_multiworld/t3_p0008/B_04_multiworld_T3-P0008_t00s_f000_INPUT_REFERENCE.png,832,480,b55a6323ed27bd4b001801b2edb73d057a7c6088ff5b0d0267eb17c608f68336,909d8cac46ba7a4c2ec44e2b05bc73b02c0aab137e964ae8ada1c2a3f473cc45
B,70858196c44042e3b883fe12eae571df/Ep_000017/16,t3_p0004,multiworld,MultiWorld (480p FullData),generated,1,16,48,15,0,paired initial RGB + mapped actions,B_player_visibility/frames/04_multiworld/t3_p0004/B_04_multiworld_T3-P0004_t01s_f016.png,832,480,66b1aa92444d933acfdb6373c221d7f18d43bdfe2847df17e8fcf0756f7c9047,d51e0d93babefd6f210cf2f22f5848d955b91255ae25c994f5f5d8bee2d5d699
B,70858196c44042e3b883fe12eae571df/Ep_000017/16,t3_p0008,multiworld,MultiWorld (480p FullData),generated,1,16,48,15,0,paired initial RGB + mapped actions,B_player_visibility/frames/04_multiworld/t3_p0008/B_04_multiworld_T3-P0008_t01s_f016.png,832,480,d58231e846f0ec3d8594cbc8902389bfbc7b2a9c1e062119e37b22e3642ef21b,3c455ee9589b7a815ca61aa2e3aace63756cc4a17c2f9a9993e33c622625a1b4
B,70858196c44042e3b883fe12eae571df/Ep_000017/16,t3_p0004,multiworld,MultiWorld (480p FullData),generated,2,32,80,31,0,paired initial RGB + mapped actions,B_player_visibility/frames/04_multiworld/t3_p0004/B_04_multiworld_T3-P0004_t02s_f032.png,832,480,2c2a6b9d4cb730640f80fc253f42ac6db696767535a1ee79b41e8e40c2d6f1a2,d51e0d93babefd6f210cf2f22f5848d955b91255ae25c994f5f5d8bee2d5d699
B,70858196c44042e3b883fe12eae571df/Ep_000017/16,t3_p0008,multiworld,MultiWorld (480p FullData),generated,2,32,80,31,0,paired initial RGB + mapped actions,B_player_visibility/frames/04_multiworld/t3_p0008/B_04_multiworld_T3-P0008_t02s_f032.png,832,480,22f691ceaf987cfa34ae6c4b6f56071769f7d83aedda18f7d2e720246ccd5715,3c455ee9589b7a815ca61aa2e3aace63756cc4a17c2f9a9993e33c622625a1b4
B,70858196c44042e3b883fe12eae571df/Ep_000017/16,t3_p0004,solaris,Solaris (Minecraft pretrained),shared_GT_input_reference,0,0,16,0,,reference,B_player_visibility/frames/05_solaris_minecraft/t3_p0004/B_05_solaris_minecraft_T3-P0004_t00s_f000_INPUT_REFERENCE.png,832,480,7a738e6bf0876f571c5081c6991981da5da07c8a7230cf0930bb1c05345e04aa,8f0a7da62badf28d034dc250f488d34fa5fce638ae32bde65073f54c3c040081
B,70858196c44042e3b883fe12eae571df/Ep_000017/16,t3_p0008,solaris,Solaris (Minecraft pretrained),shared_GT_input_reference,0,0,16,0,,reference,B_player_visibility/frames/05_solaris_minecraft/t3_p0008/B_05_solaris_minecraft_T3-P0008_t00s_f000_INPUT_REFERENCE.png,832,480,b55a6323ed27bd4b001801b2edb73d057a7c6088ff5b0d0267eb17c608f68336,909d8cac46ba7a4c2ec44e2b05bc73b02c0aab137e964ae8ada1c2a3f473cc45
B,70858196c44042e3b883fe12eae571df/Ep_000017/16,t3_p0004,solaris,Solaris (Minecraft pretrained),generated,1,16,48,16,,initial RGB + mapped actions,B_player_visibility/frames/05_solaris_minecraft/t3_p0004/B_05_solaris_minecraft_T3-P0004_t01s_f016.png,832,480,0cb6b49f90412f073b556e4024f5c3e6459ce3d6fab1e49332010fdcb7c3c9eb,4d2e1f1e997046bf8d09c5d50eab49ba4bda877b9e12ef276ce54416bde15159
B,70858196c44042e3b883fe12eae571df/Ep_000017/16,t3_p0008,solaris,Solaris (Minecraft pretrained),generated,1,16,48,16,,initial RGB + mapped actions,B_player_visibility/frames/05_solaris_minecraft/t3_p0008/B_05_solaris_minecraft_T3-P0008_t01s_f016.png,832,480,f99185e8ff0af00a6df7692bc384651b431272eebfed7aa2dafcffb7500a845a,baadc4dc414fd70159ce16c504719d98d5ae6c9b5b67d4d0133117f93f7eee44
B,70858196c44042e3b883fe12eae571df/Ep_000017/16,t3_p0004,solaris,Solaris (Minecraft pretrained),generated,2,32,80,32,,initial RGB + mapped actions,B_player_visibility/frames/05_solaris_minecraft/t3_p0004/B_05_solaris_minecraft_T3-P0004_t02s_f032.png,832,480,43c87a4116a7d0873443c4b34008c2f229597974264345554b9bafd95c4724cd,4d2e1f1e997046bf8d09c5d50eab49ba4bda877b9e12ef276ce54416bde15159
B,70858196c44042e3b883fe12eae571df/Ep_000017/16,t3_p0008,solaris,Solaris (Minecraft pretrained),generated,2,32,80,32,,initial RGB + mapped actions,B_player_visibility/frames/05_solaris_minecraft/t3_p0008/B_05_solaris_minecraft_T3-P0008_t02s_f032.png,832,480,de439babb3cf82068ae63b694e42943837d6fe9aef47f1b01f5e35918df6703d,baadc4dc414fd70159ce16c504719d98d5ae6c9b5b67d4d0133117f93f7eee44
B,70858196c44042e3b883fe12eae571df/Ep_000017/16,t3_p0004,ours,Ours (step8500),shared_GT_input_reference,0,0,16,0,,reference,B_player_visibility/frames/06_ours/t3_p0004/B_06_ours_T3-P0004_t00s_f000_INPUT_REFERENCE.png,832,480,7a738e6bf0876f571c5081c6991981da5da07c8a7230cf0930bb1c05345e04aa,8f0a7da62badf28d034dc250f488d34fa5fce638ae32bde65073f54c3c040081
B,70858196c44042e3b883fe12eae571df/Ep_000017/16,t3_p0008,ours,Ours (step8500),shared_GT_input_reference,0,0,16,0,,reference,B_player_visibility/frames/06_ours/t3_p0008/B_06_ours_T3-P0008_t00s_f000_INPUT_REFERENCE.png,832,480,b55a6323ed27bd4b001801b2edb73d057a7c6088ff5b0d0267eb17c608f68336,909d8cac46ba7a4c2ec44e2b05bc73b02c0aab137e964ae8ada1c2a3f473cc45
B,70858196c44042e3b883fe12eae571df/Ep_000017/16,t3_p0004,ours,Ours (step8500),generated,1,16,48,16,20260818,initial RGB + camera + dense/state,B_player_visibility/frames/06_ours/t3_p0004/B_06_ours_T3-P0004_t01s_f016.png,832,480,1ef52c4f40a9490f33f5f9a94610a3913bbf4f28aee9f64aa28e8fb1aaea599f,a154829bedce6a060d01cd74f2351401ae7a94f39f1a387b0f4a6131cfd582a1
B,70858196c44042e3b883fe12eae571df/Ep_000017/16,t3_p0008,ours,Ours (step8500),generated,1,16,48,16,20260818,initial RGB + camera + dense/state,B_player_visibility/frames/06_ours/t3_p0008/B_06_ours_T3-P0008_t01s_f016.png,832,480,64dc32c57a63cfccbf85c5c41ade3e48b4ba37f05fb272262ccafb875d62f7b8,4fdacfc8347e5364dd0b6eaa82ef22c173781bfb7105c591660824ee06befc43
B,70858196c44042e3b883fe12eae571df/Ep_000017/16,t3_p0004,ours,Ours (step8500),generated,2,32,80,32,20260818,initial RGB + camera + dense/state,B_player_visibility/frames/06_ours/t3_p0004/B_06_ours_T3-P0004_t02s_f032.png,832,480,b669e53dece9c227b99212da42fb879e5d378da3458cb94a9b3f52a7c87f6aa8,a154829bedce6a060d01cd74f2351401ae7a94f39f1a387b0f4a6131cfd582a1
B,70858196c44042e3b883fe12eae571df/Ep_000017/16,t3_p0008,ours,Ours (step8500),generated,2,32,80,32,20260818,initial RGB + camera + dense/state,B_player_visibility/frames/06_ours/t3_p0008/B_06_ours_T3-P0008_t02s_f032.png,832,480,f36c472b22b4f89892b0a66ff5ec6caffd52f2f4c30f4c0c5fe14246ac0a6945,4fdacfc8347e5364dd0b6eaa82ef22c173781bfb7105c591660824ee06befc43
B,70858196c44042e3b883fe12eae571df/Ep_000017/16,t3_p0004,gt,Ground truth,ground_truth,3,48,112,48,,reference,B_player_visibility/frames/00_gt/t3_p0004/B_00_gt_T3-P0004_t03s_f048.png,832,480,c8a8cc067de404854f51c5d1f440dddb726c34823a6c020526046c2be337a0b2,8f0a7da62badf28d034dc250f488d34fa5fce638ae32bde65073f54c3c040081
B,70858196c44042e3b883fe12eae571df/Ep_000017/16,t3_p0008,gt,Ground truth,ground_truth,3,48,112,48,,reference,B_player_visibility/frames/00_gt/t3_p0008/B_00_gt_T3-P0008_t03s_f048.png,832,480,a26ac445eaf9c87df92358fa3ba285184df8c21ebd64d26ec56d2056d244e385,909d8cac46ba7a4c2ec44e2b05bc73b02c0aab137e964ae8ada1c2a3f473cc45
B,70858196c44042e3b883fe12eae571df/Ep_000017/16,t3_p0004,gt,Ground truth,ground_truth,4,64,144,64,,reference,B_player_visibility/frames/00_gt/t3_p0004/B_00_gt_T3-P0004_t04s_f064.png,832,480,d43c15fd5a0fc7561b15dd9eb7bba69d589e16697df3b5c450167b2e38c194b9,8f0a7da62badf28d034dc250f488d34fa5fce638ae32bde65073f54c3c040081
B,70858196c44042e3b883fe12eae571df/Ep_000017/16,t3_p0008,gt,Ground truth,ground_truth,4,64,144,64,,reference,B_player_visibility/frames/00_gt/t3_p0008/B_00_gt_T3-P0008_t04s_f064.png,832,480,fce367a855e38d5aef482277b153c4c7ca129fe884f93b6987de8fa09e7a90ae,909d8cac46ba7a4c2ec44e2b05bc73b02c0aab137e964ae8ada1c2a3f473cc45
B,70858196c44042e3b883fe12eae571df/Ep_000017/16,t3_p0004,gt,Ground truth,ground_truth,5,80,176,80,,reference,B_player_visibility/frames/00_gt/t3_p0004/B_00_gt_T3-P0004_t05s_f080.png,832,480,91fb3f0d6a0bb790afe0e44818d6ac43a6fce0b0395d4ca7c91f1eca6a85abc4,8f0a7da62badf28d034dc250f488d34fa5fce638ae32bde65073f54c3c040081
B,70858196c44042e3b883fe12eae571df/Ep_000017/16,t3_p0008,gt,Ground truth,ground_truth,5,80,176,80,,reference,B_player_visibility/frames/00_gt/t3_p0008/B_00_gt_T3-P0008_t05s_f080.png,832,480,ca72fe8484a5689f333e2392c512e3771984aad49fe3a292e4779714efcc2e30,909d8cac46ba7a4c2ec44e2b05bc73b02c0aab137e964ae8ada1c2a3f473cc45
B,70858196c44042e3b883fe12eae571df/Ep_000017/16,t3_p0004,base,LingBot-World Base-Cam,generated,3,48,112,48,20260818,initial RGB + complete camera trajectory,B_player_visibility/frames/01_lingbot_base/t3_p0004/B_01_lingbot_base_T3-P0004_t03s_f048.png,832,480,a685110ff9f29d2d16122a3d879bd60921226fa5f5d236a28cf826de2fb0dbb5,c1966aadd4d9a26bd9346ced1a2b50da95a61d40d32e94045d836559cd078849
B,70858196c44042e3b883fe12eae571df/Ep_000017/16,t3_p0008,base,LingBot-World Base-Cam,generated,3,48,112,48,20260818,initial RGB + complete camera trajectory,B_player_visibility/frames/01_lingbot_base/t3_p0008/B_01_lingbot_base_T3-P0008_t03s_f048.png,832,480,ca9bb1b6c1b7b1f668e08e08ff714ca3c64d19d8218dfcf94763308a9d4164c9,2f49ce373c3a75bb529791dd8a93b929f0774e725e4d07b6e16f036d4b472714
B,70858196c44042e3b883fe12eae571df/Ep_000017/16,t3_p0004,base,LingBot-World Base-Cam,generated,4,64,144,64,20260818,initial RGB + complete camera trajectory,B_player_visibility/frames/01_lingbot_base/t3_p0004/B_01_lingbot_base_T3-P0004_t04s_f064.png,832,480,595e038f78c645bae9ba9252620566a58e59f377a90d346d5709e1225c0b31fc,c1966aadd4d9a26bd9346ced1a2b50da95a61d40d32e94045d836559cd078849
B,70858196c44042e3b883fe12eae571df/Ep_000017/16,t3_p0008,base,LingBot-World Base-Cam,generated,4,64,144,64,20260818,initial RGB + complete camera trajectory,B_player_visibility/frames/01_lingbot_base/t3_p0008/B_01_lingbot_base_T3-P0008_t04s_f064.png,832,480,468dc2e6cafda69682aae1e228b443a2b79903629ca6dbf80590a01d602d6dab,2f49ce373c3a75bb529791dd8a93b929f0774e725e4d07b6e16f036d4b472714
B,70858196c44042e3b883fe12eae571df/Ep_000017/16,t3_p0004,base,LingBot-World Base-Cam,generated,5,80,176,80,20260818,initial RGB + complete camera trajectory,B_player_visibility/frames/01_lingbot_base/t3_p0004/B_01_lingbot_base_T3-P0004_t05s_f080.png,832,480,3bb3276dfd40209ba1a6fed20ebddce4d320bd6c3e50c3d008aa62a8409e0c4c,c1966aadd4d9a26bd9346ced1a2b50da95a61d40d32e94045d836559cd078849
B,70858196c44042e3b883fe12eae571df/Ep_000017/16,t3_p0008,base,LingBot-World Base-Cam,generated,5,80,176,80,20260818,initial RGB + complete camera trajectory,B_player_visibility/frames/01_lingbot_base/t3_p0008/B_01_lingbot_base_T3-P0008_t05s_f080.png,832,480,5e6e041f10a46866a1c05bf86a448650ae0e9bd0f083aea0c9c1671692083530,2f49ce373c3a75bb529791dd8a93b929f0774e725e4d07b6e16f036d4b472714
B,70858196c44042e3b883fe12eae571df/Ep_000017/16,t3_p0004,b1,Direct Residual (B1 step50; resource-limited),generated,3,48,112,48,20260818,initial RGB + camera + dense/state,B_player_visibility/frames/02_direct_residual_b1/t3_p0004/B_02_direct_residual_b1_T3-P0004_t03s_f048.png,832,480,94376968372c82a232b4b02f5c4cb662c1dd85dc51642277dd185ab698389c2a,fbcdbbc2b7e40c1af229f7b134436b2db914509ad69718911999765e39bf2b9a
B,70858196c44042e3b883fe12eae571df/Ep_000017/16,t3_p0008,b1,Direct Residual (B1 step50; resource-limited),generated,3,48,112,48,20260818,initial RGB + camera + dense/state,B_player_visibility/frames/02_direct_residual_b1/t3_p0008/B_02_direct_residual_b1_T3-P0008_t03s_f048.png,832,480,456726e0d6e211991f97ab5001abff6d5b75cec582a1881d81807544bfd912a2,5e68aaa3789b617a172177f5173b7f1775aaf40354f18666539d827b4d3f3d97
B,70858196c44042e3b883fe12eae571df/Ep_000017/16,t3_p0004,b1,Direct Residual (B1 step50; resource-limited),generated,4,64,144,64,20260818,initial RGB + camera + dense/state,B_player_visibility/frames/02_direct_residual_b1/t3_p0004/B_02_direct_residual_b1_T3-P0004_t04s_f064.png,832,480,04b8187ddc9ccbd8bddfcfcdcb2e347936c1af82ad26be36b0e6774988a75ad6,fbcdbbc2b7e40c1af229f7b134436b2db914509ad69718911999765e39bf2b9a
B,70858196c44042e3b883fe12eae571df/Ep_000017/16,t3_p0008,b1,Direct Residual (B1 step50; resource-limited),generated,4,64,144,64,20260818,initial RGB + camera + dense/state,B_player_visibility/frames/02_direct_residual_b1/t3_p0008/B_02_direct_residual_b1_T3-P0008_t04s_f064.png,832,480,27549d8555eb1b02ba2e422f8528dfbf8c8cd476400ad4d9a0504144eb6842b9,5e68aaa3789b617a172177f5173b7f1775aaf40354f18666539d827b4d3f3d97
B,70858196c44042e3b883fe12eae571df/Ep_000017/16,t3_p0004,b1,Direct Residual (B1 step50; resource-limited),generated,5,80,176,80,20260818,initial RGB + camera + dense/state,B_player_visibility/frames/02_direct_residual_b1/t3_p0004/B_02_direct_residual_b1_T3-P0004_t05s_f080.png,832,480,eebff86228407fdad679e65e47d2889e29dab092e3d74c6b46bbcc1de9dc5fd4,fbcdbbc2b7e40c1af229f7b134436b2db914509ad69718911999765e39bf2b9a
B,70858196c44042e3b883fe12eae571df/Ep_000017/16,t3_p0008,b1,Direct Residual (B1 step50; resource-limited),generated,5,80,176,80,20260818,initial RGB + camera + dense/state,B_player_visibility/frames/02_direct_residual_b1/t3_p0008/B_02_direct_residual_b1_T3-P0008_t05s_f080.png,832,480,8e61f1578d637f98603fbcdc14a44377f4679a12e9ef3972375e88d638fb10f7,5e68aaa3789b617a172177f5173b7f1775aaf40354f18666539d827b4d3f3d97
B,70858196c44042e3b883fe12eae571df/Ep_000017/16,t3_p0004,vid2world,Vid2World (CSGO),generated,3,48,112,47,0,9 pre-start RGB frames + 51-D CSGO actions,B_player_visibility/frames/03_vid2world/t3_p0004/B_03_vid2world_T3-P0004_t03s_f048.png,832,480,74e71a6dee1d4d44ae742c321f024aba84b2302722f4bed3b861f7aac96ed646,2941ab9978d5119b0376ed0d1c44e49a5cde803294f838073be4ad06f3fbe531
B,70858196c44042e3b883fe12eae571df/Ep_000017/16,t3_p0008,vid2world,Vid2World (CSGO),generated,3,48,112,47,0,9 pre-start RGB frames + 51-D CSGO actions,B_player_visibility/frames/03_vid2world/t3_p0008/B_03_vid2world_T3-P0008_t03s_f048.png,832,480,dad8a2c87003a367af0c0e7037f6ada7636082a9a36d1c4b2151ff507024c813,66a2fdde3523a64da302a7a2b98914df9414f993a2581ebf8e69dcf8495fa5d5
B,70858196c44042e3b883fe12eae571df/Ep_000017/16,t3_p0004,vid2world,Vid2World (CSGO),generated,4,64,144,63,0,9 pre-start RGB frames + 51-D CSGO actions,B_player_visibility/frames/03_vid2world/t3_p0004/B_03_vid2world_T3-P0004_t04s_f064.png,832,480,eca0e87848d185b6ad06dc24aeadb010c03ec4168f8f4c2f4806647984ce405d,2941ab9978d5119b0376ed0d1c44e49a5cde803294f838073be4ad06f3fbe531
B,70858196c44042e3b883fe12eae571df/Ep_000017/16,t3_p0008,vid2world,Vid2World (CSGO),generated,4,64,144,63,0,9 pre-start RGB frames + 51-D CSGO actions,B_player_visibility/frames/03_vid2world/t3_p0008/B_03_vid2world_T3-P0008_t04s_f064.png,832,480,0d3043a5d50737526701a0800e3fa951cc9b5369d3953744edef76b111c2c6ed,66a2fdde3523a64da302a7a2b98914df9414f993a2581ebf8e69dcf8495fa5d5
B,70858196c44042e3b883fe12eae571df/Ep_000017/16,t3_p0004,vid2world,Vid2World (CSGO),generated,5,80,176,79,0,9 pre-start RGB frames + 51-D CSGO actions,B_player_visibility/frames/03_vid2world/t3_p0004/B_03_vid2world_T3-P0004_t05s_f080.png,832,480,0bedbf1d6a29286e6451d417e35c5e1ea269723fdf1cbf0c206766be4bcd7b28,2941ab9978d5119b0376ed0d1c44e49a5cde803294f838073be4ad06f3fbe531
B,70858196c44042e3b883fe12eae571df/Ep_000017/16,t3_p0008,vid2world,Vid2World (CSGO),generated,5,80,176,79,0,9 pre-start RGB frames + 51-D CSGO actions,B_player_visibility/frames/03_vid2world/t3_p0008/B_03_vid2world_T3-P0008_t05s_f080.png,832,480,f8b176b667ed11ee3843b745f12ab6c425ef99966369e712e81456704e889cc1,66a2fdde3523a64da302a7a2b98914df9414f993a2581ebf8e69dcf8495fa5d5
B,70858196c44042e3b883fe12eae571df/Ep_000017/16,t3_p0004,multiworld,MultiWorld (480p FullData),generated,3,48,112,47,0,paired initial RGB + mapped actions,B_player_visibility/frames/04_multiworld/t3_p0004/B_04_multiworld_T3-P0004_t03s_f048.png,832,480,b1bd18329954e38359eb94b65bcdf8990395a72b9cb95e7823d59eba8962c39c,d51e0d93babefd6f210cf2f22f5848d955b91255ae25c994f5f5d8bee2d5d699
B,70858196c44042e3b883fe12eae571df/Ep_000017/16,t3_p0008,multiworld,MultiWorld (480p FullData),generated,3,48,112,47,0,paired initial RGB + mapped actions,B_player_visibility/frames/04_multiworld/t3_p0008/B_04_multiworld_T3-P0008_t03s_f048.png,832,480,6815fffdb72d92049be6ca29962b564d35783f76719caf6a387ef213fa477db9,3c455ee9589b7a815ca61aa2e3aace63756cc4a17c2f9a9993e33c622625a1b4
B,70858196c44042e3b883fe12eae571df/Ep_000017/16,t3_p0004,multiworld,MultiWorld (480p FullData),generated,4,64,144,63,0,paired initial RGB + mapped actions,B_player_visibility/frames/04_multiworld/t3_p0004/B_04_multiworld_T3-P0004_t04s_f064.png,832,480,c9eec739dcf36862f280550e9e6d90c57d93d69c773471098ddc41e212d1ef6c,d51e0d93babefd6f210cf2f22f5848d955b91255ae25c994f5f5d8bee2d5d699
B,70858196c44042e3b883fe12eae571df/Ep_000017/16,t3_p0008,multiworld,MultiWorld (480p FullData),generated,4,64,144,63,0,paired initial RGB + mapped actions,B_player_visibility/frames/04_multiworld/t3_p0008/B_04_multiworld_T3-P0008_t04s_f064.png,832,480,0199ffd2539ed0622a64f8621b2407f8788bf5ae592d4af9101bf5ebd8146704,3c455ee9589b7a815ca61aa2e3aace63756cc4a17c2f9a9993e33c622625a1b4
B,70858196c44042e3b883fe12eae571df/Ep_000017/16,t3_p0004,multiworld,MultiWorld (480p FullData),generated,5,80,176,79,0,paired initial RGB + mapped actions,B_player_visibility/frames/04_multiworld/t3_p0004/B_04_multiworld_T3-P0004_t05s_f080.png,832,480,6700aac8bca04af881a40f92d1b600d275a4de9619eef817e9e5e4b266369dc7,d51e0d93babefd6f210cf2f22f5848d955b91255ae25c994f5f5d8bee2d5d699
B,70858196c44042e3b883fe12eae571df/Ep_000017/16,t3_p0008,multiworld,MultiWorld (480p FullData),generated,5,80,176,79,0,paired initial RGB + mapped actions,B_player_visibility/frames/04_multiworld/t3_p0008/B_04_multiworld_T3-P0008_t05s_f080.png,832,480,06b9f835685752c35b63afdfe6392c82d6cf5830e8596591a6d1b396d7f16ad5,3c455ee9589b7a815ca61aa2e3aace63756cc4a17c2f9a9993e33c622625a1b4
B,70858196c44042e3b883fe12eae571df/Ep_000017/16,t3_p0004,solaris,Solaris (Minecraft pretrained),generated,3,48,112,48,,initial RGB + mapped actions,B_player_visibility/frames/05_solaris_minecraft/t3_p0004/B_05_solaris_minecraft_T3-P0004_t03s_f048.png,832,480,e9016496f3c0ab5c537a0a50d808103965570dc2f0713e07bde30fe30be3a269,4d2e1f1e997046bf8d09c5d50eab49ba4bda877b9e12ef276ce54416bde15159
B,70858196c44042e3b883fe12eae571df/Ep_000017/16,t3_p0008,solaris,Solaris (Minecraft pretrained),generated,3,48,112,48,,initial RGB + mapped actions,B_player_visibility/frames/05_solaris_minecraft/t3_p0008/B_05_solaris_minecraft_T3-P0008_t03s_f048.png,832,480,a5f858811d39680ff943137d496830877242168a993ce96a0d0bfac24a0d4abb,baadc4dc414fd70159ce16c504719d98d5ae6c9b5b67d4d0133117f93f7eee44
B,70858196c44042e3b883fe12eae571df/Ep_000017/16,t3_p0004,solaris,Solaris (Minecraft pretrained),generated,4,64,144,64,,initial RGB + mapped actions,B_player_visibility/frames/05_solaris_minecraft/t3_p0004/B_05_solaris_minecraft_T3-P0004_t04s_f064.png,832,480,6ef217da3a3531119a7d1fc549080de32481e349d512bc183d767da880fa7cc1,4d2e1f1e997046bf8d09c5d50eab49ba4bda877b9e12ef276ce54416bde15159
B,70858196c44042e3b883fe12eae571df/Ep_000017/16,t3_p0008,solaris,Solaris (Minecraft pretrained),generated,4,64,144,64,,initial RGB + mapped actions,B_player_visibility/frames/05_solaris_minecraft/t3_p0008/B_05_solaris_minecraft_T3-P0008_t04s_f064.png,832,480,6973bd3bd7d3955b186eeead0d83a071f1f0f9f62a961b57ffeacd3a1bd5c715,baadc4dc414fd70159ce16c504719d98d5ae6c9b5b67d4d0133117f93f7eee44
B,70858196c44042e3b883fe12eae571df/Ep_000017/16,t3_p0004,solaris,Solaris (Minecraft pretrained),generated,5,80,176,80,,initial RGB + mapped actions,B_player_visibility/frames/05_solaris_minecraft/t3_p0004/B_05_solaris_minecraft_T3-P0004_t05s_f080.png,832,480,0df76b468c8a8e1487c83d105db35835a6692f08775e1997bdd3495ec00182af,4d2e1f1e997046bf8d09c5d50eab49ba4bda877b9e12ef276ce54416bde15159
B,70858196c44042e3b883fe12eae571df/Ep_000017/16,t3_p0008,solaris,Solaris (Minecraft pretrained),generated,5,80,176,80,,initial RGB + mapped actions,B_player_visibility/frames/05_solaris_minecraft/t3_p0008/B_05_solaris_minecraft_T3-P0008_t05s_f080.png,832,480,8e9e321bf9a03e09991fcf454bfef2e3ef70d3eba9a658e73e7a11fa67e58100,baadc4dc414fd70159ce16c504719d98d5ae6c9b5b67d4d0133117f93f7eee44
B,70858196c44042e3b883fe12eae571df/Ep_000017/16,t3_p0004,ours,Ours (step8500),generated,3,48,112,48,20260818,initial RGB + camera + dense/state,B_player_visibility/frames/06_ours/t3_p0004/B_06_ours_T3-P0004_t03s_f048.png,832,480,8265eb4e67946e3b8149291a3c5706789b7f78c2aaf282d8af6643a1675fef33,a154829bedce6a060d01cd74f2351401ae7a94f39f1a387b0f4a6131cfd582a1
B,70858196c44042e3b883fe12eae571df/Ep_000017/16,t3_p0008,ours,Ours (step8500),generated,3,48,112,48,20260818,initial RGB + camera + dense/state,B_player_visibility/frames/06_ours/t3_p0008/B_06_ours_T3-P0008_t03s_f048.png,832,480,6250d0dd88cef337eb83316fc9825dc09450200eab44bf4320a31d0ebc54222d,4fdacfc8347e5364dd0b6eaa82ef22c173781bfb7105c591660824ee06befc43
B,70858196c44042e3b883fe12eae571df/Ep_000017/16,t3_p0004,ours,Ours (step8500),generated,4,64,144,64,20260818,initial RGB + camera + dense/state,B_player_visibility/frames/06_ours/t3_p0004/B_06_ours_T3-P0004_t04s_f064.png,832,480,bba4f846c964159b88be3de2305b956901191a8c8c4f578205eedf5a6cbca4cd,a154829bedce6a060d01cd74f2351401ae7a94f39f1a387b0f4a6131cfd582a1
B,70858196c44042e3b883fe12eae571df/Ep_000017/16,t3_p0008,ours,Ours (step8500),generated,4,64,144,64,20260818,initial RGB + camera + dense/state,B_player_visibility/frames/06_ours/t3_p0008/B_06_ours_T3-P0008_t04s_f064.png,832,480,dbdb59e2dc697cd2bd3b25ebb094b74b326a2581220221b6a532694e791cc77f,4fdacfc8347e5364dd0b6eaa82ef22c173781bfb7105c591660824ee06befc43
B,70858196c44042e3b883fe12eae571df/Ep_000017/16,t3_p0004,ours,Ours (step8500),generated,5,80,176,80,20260818,initial RGB + camera + dense/state,B_player_visibility/frames/06_ours/t3_p0004/B_06_ours_T3-P0004_t05s_f080.png,832,480,e2fdede3eea119c05feceb9b4f7fd35056e2d03f8658147ed3ea36702d3b0e53,a154829bedce6a060d01cd74f2351401ae7a94f39f1a387b0f4a6131cfd582a1
B,70858196c44042e3b883fe12eae571df/Ep_000017/16,t3_p0008,ours,Ours (step8500),generated,5,80,176,80,20260818,initial RGB + camera + dense/state,B_player_visibility/frames/06_ours/t3_p0008/B_06_ours_T3-P0008_t05s_f080.png,832,480,6d3c58332aba7a280b1eb4b0f9c44cf905513966124c12b153c78e56399d7624,4fdacfc8347e5364dd0b6eaa82ef22c173781bfb7105c591660824ee06befc43
C,ee01dd44eda44ca2a0e73c8f9cd7ffea/Ep_000025/3094,t2_p0002,gt,Ground truth,shared_GT_input_reference,0,0,3094,0,,reference,C_large_camera_turns/frames/00_gt/t2_p0002/C_00_gt_T2-P0002_t00s_f000_INPUT_REFERENCE.png,832,480,69a1948c35c7c233c33ef6c64a92a1e4deb6c6926250df97f2142092ddb4d2a7,d232c2bd01d5ba5870c83adfb510f221fcdd3a53cb266a654794bfa847daf289
C,ee01dd44eda44ca2a0e73c8f9cd7ffea/Ep_000025/3094,t2_p0005,gt,Ground truth,shared_GT_input_reference,0,0,3094,0,,reference,C_large_camera_turns/frames/00_gt/t2_p0005/C_00_gt_T2-P0005_t00s_f000_INPUT_REFERENCE.png,832,480,a2b0f971badc678142eee8b986bf46a31c6f17b98d5361e8127dc73dae7ace09,3ccfd7b088cc143743e51857cb12985d8cb79705c06b87cbe75f0378942f9201
C,ee01dd44eda44ca2a0e73c8f9cd7ffea/Ep_000025/3094,t2_p0002,gt,Ground truth,ground_truth,1,16,3126,16,,reference,C_large_camera_turns/frames/00_gt/t2_p0002/C_00_gt_T2-P0002_t01s_f016.png,832,480,cffbdfec7a6cc0e86977928e894da16fea90c4966179b81bad0eb99ae0b0794b,d232c2bd01d5ba5870c83adfb510f221fcdd3a53cb266a654794bfa847daf289
C,ee01dd44eda44ca2a0e73c8f9cd7ffea/Ep_000025/3094,t2_p0005,gt,Ground truth,ground_truth,1,16,3126,16,,reference,C_large_camera_turns/frames/00_gt/t2_p0005/C_00_gt_T2-P0005_t01s_f016.png,832,480,b90b206ecb8da70ba539b1f1a53f1a3bd5d7d0eed634de552940cf419988ee60,3ccfd7b088cc143743e51857cb12985d8cb79705c06b87cbe75f0378942f9201
C,ee01dd44eda44ca2a0e73c8f9cd7ffea/Ep_000025/3094,t2_p0002,gt,Ground truth,ground_truth,2,32,3158,32,,reference,C_large_camera_turns/frames/00_gt/t2_p0002/C_00_gt_T2-P0002_t02s_f032.png,832,480,2948b8e3cc73a354fdc57f03c722c0bd3f448000ae949bd520828021cfebfde2,d232c2bd01d5ba5870c83adfb510f221fcdd3a53cb266a654794bfa847daf289
C,ee01dd44eda44ca2a0e73c8f9cd7ffea/Ep_000025/3094,t2_p0005,gt,Ground truth,ground_truth,2,32,3158,32,,reference,C_large_camera_turns/frames/00_gt/t2_p0005/C_00_gt_T2-P0005_t02s_f032.png,832,480,70444fef34c2d430d539981a77961f71240167365b0b2df446c37ba2c87432f0,3ccfd7b088cc143743e51857cb12985d8cb79705c06b87cbe75f0378942f9201
C,ee01dd44eda44ca2a0e73c8f9cd7ffea/Ep_000025/3094,t2_p0002,base,LingBot-World Base-Cam,shared_GT_input_reference,0,0,3094,0,,reference,C_large_camera_turns/frames/01_lingbot_base/t2_p0002/C_01_lingbot_base_T2-P0002_t00s_f000_INPUT_REFERENCE.png,832,480,69a1948c35c7c233c33ef6c64a92a1e4deb6c6926250df97f2142092ddb4d2a7,d232c2bd01d5ba5870c83adfb510f221fcdd3a53cb266a654794bfa847daf289
C,ee01dd44eda44ca2a0e73c8f9cd7ffea/Ep_000025/3094,t2_p0005,base,LingBot-World Base-Cam,shared_GT_input_reference,0,0,3094,0,,reference,C_large_camera_turns/frames/01_lingbot_base/t2_p0005/C_01_lingbot_base_T2-P0005_t00s_f000_INPUT_REFERENCE.png,832,480,a2b0f971badc678142eee8b986bf46a31c6f17b98d5361e8127dc73dae7ace09,3ccfd7b088cc143743e51857cb12985d8cb79705c06b87cbe75f0378942f9201
C,ee01dd44eda44ca2a0e73c8f9cd7ffea/Ep_000025/3094,t2_p0002,base,LingBot-World Base-Cam,generated,1,16,3126,16,20260818,initial RGB + complete camera trajectory,C_large_camera_turns/frames/01_lingbot_base/t2_p0002/C_01_lingbot_base_T2-P0002_t01s_f016.png,832,480,1ddf939b53f9c9288539d44a4ec3284994e351c9a9bbf1854b30273108528ea7,2d612dc69d577bfc8698a9ac92630d14baa3d1922cc3cde774502cc978e152be
C,ee01dd44eda44ca2a0e73c8f9cd7ffea/Ep_000025/3094,t2_p0005,base,LingBot-World Base-Cam,generated,1,16,3126,16,20260818,initial RGB + complete camera trajectory,C_large_camera_turns/frames/01_lingbot_base/t2_p0005/C_01_lingbot_base_T2-P0005_t01s_f016.png,832,480,352203e2eca6e6e2951694615b3c55d5c8866bd075b2e96f141e7318a39bf96d,c055d93c9c0aa0088ef123368d73fa785764e3a1afd391e7c0a056bebc8df4e2
C,ee01dd44eda44ca2a0e73c8f9cd7ffea/Ep_000025/3094,t2_p0002,base,LingBot-World Base-Cam,generated,2,32,3158,32,20260818,initial RGB + complete camera trajectory,C_large_camera_turns/frames/01_lingbot_base/t2_p0002/C_01_lingbot_base_T2-P0002_t02s_f032.png,832,480,6639d9dfb5abb285edd198ad2efed79c4cf1e2e296b76ddcdc96560d3485cee5,2d612dc69d577bfc8698a9ac92630d14baa3d1922cc3cde774502cc978e152be
C,ee01dd44eda44ca2a0e73c8f9cd7ffea/Ep_000025/3094,t2_p0005,base,LingBot-World Base-Cam,generated,2,32,3158,32,20260818,initial RGB + complete camera trajectory,C_large_camera_turns/frames/01_lingbot_base/t2_p0005/C_01_lingbot_base_T2-P0005_t02s_f032.png,832,480,9ea47a8022e559468aced7344cf1771507ca2f5eea8f9709e42563ffb8106c46,c055d93c9c0aa0088ef123368d73fa785764e3a1afd391e7c0a056bebc8df4e2
C,ee01dd44eda44ca2a0e73c8f9cd7ffea/Ep_000025/3094,t2_p0002,b1,Direct Residual (B1 step50; resource-limited),shared_GT_input_reference,0,0,3094,0,,reference,C_large_camera_turns/frames/02_direct_residual_b1/t2_p0002/C_02_direct_residual_b1_T2-P0002_t00s_f000_INPUT_REFERENCE.png,832,480,69a1948c35c7c233c33ef6c64a92a1e4deb6c6926250df97f2142092ddb4d2a7,d232c2bd01d5ba5870c83adfb510f221fcdd3a53cb266a654794bfa847daf289
C,ee01dd44eda44ca2a0e73c8f9cd7ffea/Ep_000025/3094,t2_p0005,b1,Direct Residual (B1 step50; resource-limited),shared_GT_input_reference,0,0,3094,0,,reference,C_large_camera_turns/frames/02_direct_residual_b1/t2_p0005/C_02_direct_residual_b1_T2-P0005_t00s_f000_INPUT_REFERENCE.png,832,480,a2b0f971badc678142eee8b986bf46a31c6f17b98d5361e8127dc73dae7ace09,3ccfd7b088cc143743e51857cb12985d8cb79705c06b87cbe75f0378942f9201
C,ee01dd44eda44ca2a0e73c8f9cd7ffea/Ep_000025/3094,t2_p0002,b1,Direct Residual (B1 step50; resource-limited),generated,1,16,3126,16,20260818,initial RGB + camera + dense/state,C_large_camera_turns/frames/02_direct_residual_b1/t2_p0002/C_02_direct_residual_b1_T2-P0002_t01s_f016.png,832,480,5f0e9e06142cc7212ba19843d0c3a5198ec504f444c25e950ebb33053924fdeb,44312203f2b14693dd851f44106367602914237354bbb746c3adbbc7e3bca08a
C,ee01dd44eda44ca2a0e73c8f9cd7ffea/Ep_000025/3094,t2_p0005,b1,Direct Residual (B1 step50; resource-limited),generated,1,16,3126,16,20260818,initial RGB + camera + dense/state,C_large_camera_turns/frames/02_direct_residual_b1/t2_p0005/C_02_direct_residual_b1_T2-P0005_t01s_f016.png,832,480,392396b0ab139fdbb4e0b760a7eedf42bb1e41e7e77a3aa1d9fc1963bbe6f298,4bd19a5fa8d0b5b89a93593ca966e155c986227d84962fff93d8cdf004f94b49
C,ee01dd44eda44ca2a0e73c8f9cd7ffea/Ep_000025/3094,t2_p0002,b1,Direct Residual (B1 step50; resource-limited),generated,2,32,3158,32,20260818,initial RGB + camera + dense/state,C_large_camera_turns/frames/02_direct_residual_b1/t2_p0002/C_02_direct_residual_b1_T2-P0002_t02s_f032.png,832,480,299563ea94e151038f36cdb04c65cb98620f603d95e96a878ca2bbd54f37571f,44312203f2b14693dd851f44106367602914237354bbb746c3adbbc7e3bca08a
C,ee01dd44eda44ca2a0e73c8f9cd7ffea/Ep_000025/3094,t2_p0005,b1,Direct Residual (B1 step50; resource-limited),generated,2,32,3158,32,20260818,initial RGB + camera + dense/state,C_large_camera_turns/frames/02_direct_residual_b1/t2_p0005/C_02_direct_residual_b1_T2-P0005_t02s_f032.png,832,480,1503199f6917e2b2f03a3e44d2ba2e1c7f1b0e539907ac19b76557694eaef61a,4bd19a5fa8d0b5b89a93593ca966e155c986227d84962fff93d8cdf004f94b49
C,ee01dd44eda44ca2a0e73c8f9cd7ffea/Ep_000025/3094,t2_p0002,vid2world,Vid2World (CSGO),shared_GT_input_reference,0,0,3094,0,,reference,C_large_camera_turns/frames/03_vid2world/t2_p0002/C_03_vid2world_T2-P0002_t00s_f000_INPUT_REFERENCE.png,832,480,69a1948c35c7c233c33ef6c64a92a1e4deb6c6926250df97f2142092ddb4d2a7,d232c2bd01d5ba5870c83adfb510f221fcdd3a53cb266a654794bfa847daf289
C,ee01dd44eda44ca2a0e73c8f9cd7ffea/Ep_000025/3094,t2_p0005,vid2world,Vid2World (CSGO),shared_GT_input_reference,0,0,3094,0,,reference,C_large_camera_turns/frames/03_vid2world/t2_p0005/C_03_vid2world_T2-P0005_t00s_f000_INPUT_REFERENCE.png,832,480,a2b0f971badc678142eee8b986bf46a31c6f17b98d5361e8127dc73dae7ace09,3ccfd7b088cc143743e51857cb12985d8cb79705c06b87cbe75f0378942f9201
C,ee01dd44eda44ca2a0e73c8f9cd7ffea/Ep_000025/3094,t2_p0002,vid2world,Vid2World (CSGO),generated,1,16,3126,15,0,9 pre-start RGB frames + 51-D CSGO actions,C_large_camera_turns/frames/03_vid2world/t2_p0002/C_03_vid2world_T2-P0002_t01s_f016.png,832,480,0b8e2cb2f59a89c94b5713110170fa576523ad78e6d07331932f4f25c030387b,563d6dd1a9eb8e6169d3deb97b9bc7dc300f5b983b9dc04cd264724c7244de7d
C,ee01dd44eda44ca2a0e73c8f9cd7ffea/Ep_000025/3094,t2_p0005,vid2world,Vid2World (CSGO),generated,1,16,3126,15,0,9 pre-start RGB frames + 51-D CSGO actions,C_large_camera_turns/frames/03_vid2world/t2_p0005/C_03_vid2world_T2-P0005_t01s_f016.png,832,480,4cc6c99772bda354210a69db63144efde3ea8b9969bbcd666e18fa4bc44eafb2,31d1bb382f1e88209baea2acb0ec502fec803eb62b8a38add04f3d45e5f15a68
C,ee01dd44eda44ca2a0e73c8f9cd7ffea/Ep_000025/3094,t2_p0002,vid2world,Vid2World (CSGO),generated,2,32,3158,31,0,9 pre-start RGB frames + 51-D CSGO actions,C_large_camera_turns/frames/03_vid2world/t2_p0002/C_03_vid2world_T2-P0002_t02s_f032.png,832,480,fd9bbb056778d174ff237591e9213e23479e997634f3d0265f1b5bea8bee1585,563d6dd1a9eb8e6169d3deb97b9bc7dc300f5b983b9dc04cd264724c7244de7d
C,ee01dd44eda44ca2a0e73c8f9cd7ffea/Ep_000025/3094,t2_p0005,vid2world,Vid2World (CSGO),generated,2,32,3158,31,0,9 pre-start RGB frames + 51-D CSGO actions,C_large_camera_turns/frames/03_vid2world/t2_p0005/C_03_vid2world_T2-P0005_t02s_f032.png,832,480,35e84b60b6e79464d50ee63fc871446bf61938955d9c8c7bcc96bf1944e8440f,31d1bb382f1e88209baea2acb0ec502fec803eb62b8a38add04f3d45e5f15a68
C,ee01dd44eda44ca2a0e73c8f9cd7ffea/Ep_000025/3094,t2_p0002,multiworld,MultiWorld (480p FullData),shared_GT_input_reference,0,0,3094,0,,reference,C_large_camera_turns/frames/04_multiworld/t2_p0002/C_04_multiworld_T2-P0002_t00s_f000_INPUT_REFERENCE.png,832,480,69a1948c35c7c233c33ef6c64a92a1e4deb6c6926250df97f2142092ddb4d2a7,d232c2bd01d5ba5870c83adfb510f221fcdd3a53cb266a654794bfa847daf289
C,ee01dd44eda44ca2a0e73c8f9cd7ffea/Ep_000025/3094,t2_p0005,multiworld,MultiWorld (480p FullData),shared_GT_input_reference,0,0,3094,0,,reference,C_large_camera_turns/frames/04_multiworld/t2_p0005/C_04_multiworld_T2-P0005_t00s_f000_INPUT_REFERENCE.png,832,480,a2b0f971badc678142eee8b986bf46a31c6f17b98d5361e8127dc73dae7ace09,3ccfd7b088cc143743e51857cb12985d8cb79705c06b87cbe75f0378942f9201
C,ee01dd44eda44ca2a0e73c8f9cd7ffea/Ep_000025/3094,t2_p0002,multiworld,MultiWorld (480p FullData),generated,1,16,3126,15,0,paired initial RGB + mapped actions,C_large_camera_turns/frames/04_multiworld/t2_p0002/C_04_multiworld_T2-P0002_t01s_f016.png,832,480,c5b75f1bbe06d55d444f9811d125bba9ba185f1099e478b3c8e26d7d0a9af2e9,2d9077bce6053c3b7a39a1d25357c651c12bfd4a6e1b7cbec1793f73a08139e1
C,ee01dd44eda44ca2a0e73c8f9cd7ffea/Ep_000025/3094,t2_p0005,multiworld,MultiWorld (480p FullData),generated,1,16,3126,15,0,paired initial RGB + mapped actions,C_large_camera_turns/frames/04_multiworld/t2_p0005/C_04_multiworld_T2-P0005_t01s_f016.png,832,480,c66eac902134f380fa9d7110d3c639ab41f15a9403f5888600d1bca20a612514,12dfc44ff9b6d9aadf1948ffd2c0c4a29fc6bf9be68544682489391f25d24cad
C,ee01dd44eda44ca2a0e73c8f9cd7ffea/Ep_000025/3094,t2_p0002,multiworld,MultiWorld (480p FullData),generated,2,32,3158,31,0,paired initial RGB + mapped actions,C_large_camera_turns/frames/04_multiworld/t2_p0002/C_04_multiworld_T2-P0002_t02s_f032.png,832,480,b649def649d9e18de49d51fcfda08583ff8b0e5b462904b8c0a45a58124eb893,2d9077bce6053c3b7a39a1d25357c651c12bfd4a6e1b7cbec1793f73a08139e1
C,ee01dd44eda44ca2a0e73c8f9cd7ffea/Ep_000025/3094,t2_p0005,multiworld,MultiWorld (480p FullData),generated,2,32,3158,31,0,paired initial RGB + mapped actions,C_large_camera_turns/frames/04_multiworld/t2_p0005/C_04_multiworld_T2-P0005_t02s_f032.png,832,480,627c3bbdffb5a0e4e715f391492734de812f1089eae9ad87a25e047617ed4075,12dfc44ff9b6d9aadf1948ffd2c0c4a29fc6bf9be68544682489391f25d24cad
C,ee01dd44eda44ca2a0e73c8f9cd7ffea/Ep_000025/3094,t2_p0002,solaris,Solaris (Minecraft pretrained),shared_GT_input_reference,0,0,3094,0,,reference,C_large_camera_turns/frames/05_solaris_minecraft/t2_p0002/C_05_solaris_minecraft_T2-P0002_t00s_f000_INPUT_REFERENCE.png,832,480,69a1948c35c7c233c33ef6c64a92a1e4deb6c6926250df97f2142092ddb4d2a7,d232c2bd01d5ba5870c83adfb510f221fcdd3a53cb266a654794bfa847daf289
C,ee01dd44eda44ca2a0e73c8f9cd7ffea/Ep_000025/3094,t2_p0005,solaris,Solaris (Minecraft pretrained),shared_GT_input_reference,0,0,3094,0,,reference,C_large_camera_turns/frames/05_solaris_minecraft/t2_p0005/C_05_solaris_minecraft_T2-P0005_t00s_f000_INPUT_REFERENCE.png,832,480,a2b0f971badc678142eee8b986bf46a31c6f17b98d5361e8127dc73dae7ace09,3ccfd7b088cc143743e51857cb12985d8cb79705c06b87cbe75f0378942f9201
C,ee01dd44eda44ca2a0e73c8f9cd7ffea/Ep_000025/3094,t2_p0002,solaris,Solaris (Minecraft pretrained),generated,1,16,3126,16,,initial RGB + mapped actions,C_large_camera_turns/frames/05_solaris_minecraft/t2_p0002/C_05_solaris_minecraft_T2-P0002_t01s_f016.png,832,480,56479fb9dc4db90b7de3447cabf54ffc6ea009be9894af5d4eaa12e5a8c3bd26,b83bfdb9117e22db2b4ac93b744b78d51171e57c9a2d49196095f372ff2b37c0
C,ee01dd44eda44ca2a0e73c8f9cd7ffea/Ep_000025/3094,t2_p0005,solaris,Solaris (Minecraft pretrained),generated,1,16,3126,16,,initial RGB + mapped actions,C_large_camera_turns/frames/05_solaris_minecraft/t2_p0005/C_05_solaris_minecraft_T2-P0005_t01s_f016.png,832,480,4cea48791f72c2ceef53d24f110bd89a9f486b0b93700b526746e1c7c2436465,52764a165bea9105a6f7081d766dbfe53d021add4e51d6f57bdc4d5088442329
C,ee01dd44eda44ca2a0e73c8f9cd7ffea/Ep_000025/3094,t2_p0002,solaris,Solaris (Minecraft pretrained),generated,2,32,3158,32,,initial RGB + mapped actions,C_large_camera_turns/frames/05_solaris_minecraft/t2_p0002/C_05_solaris_minecraft_T2-P0002_t02s_f032.png,832,480,ec03c24c99a8d1d5400ddb57b0435da1512118b1e7bbb7e6f435601b6cb74d02,b83bfdb9117e22db2b4ac93b744b78d51171e57c9a2d49196095f372ff2b37c0
C,ee01dd44eda44ca2a0e73c8f9cd7ffea/Ep_000025/3094,t2_p0005,solaris,Solaris (Minecraft pretrained),generated,2,32,3158,32,,initial RGB + mapped actions,C_large_camera_turns/frames/05_solaris_minecraft/t2_p0005/C_05_solaris_minecraft_T2-P0005_t02s_f032.png,832,480,d7df806d75e2ef86b35b5b6fc8b4d16125c40903e1ee2389669b17445ccde763,52764a165bea9105a6f7081d766dbfe53d021add4e51d6f57bdc4d5088442329
C,ee01dd44eda44ca2a0e73c8f9cd7ffea/Ep_000025/3094,t2_p0002,ours,Ours (step8500),shared_GT_input_reference,0,0,3094,0,,reference,C_large_camera_turns/frames/06_ours/t2_p0002/C_06_ours_T2-P0002_t00s_f000_INPUT_REFERENCE.png,832,480,69a1948c35c7c233c33ef6c64a92a1e4deb6c6926250df97f2142092ddb4d2a7,d232c2bd01d5ba5870c83adfb510f221fcdd3a53cb266a654794bfa847daf289
C,ee01dd44eda44ca2a0e73c8f9cd7ffea/Ep_000025/3094,t2_p0005,ours,Ours (step8500),shared_GT_input_reference,0,0,3094,0,,reference,C_large_camera_turns/frames/06_ours/t2_p0005/C_06_ours_T2-P0005_t00s_f000_INPUT_REFERENCE.png,832,480,a2b0f971badc678142eee8b986bf46a31c6f17b98d5361e8127dc73dae7ace09,3ccfd7b088cc143743e51857cb12985d8cb79705c06b87cbe75f0378942f9201
C,ee01dd44eda44ca2a0e73c8f9cd7ffea/Ep_000025/3094,t2_p0002,ours,Ours (step8500),generated,1,16,3126,16,20260818,initial RGB + camera + dense/state,C_large_camera_turns/frames/06_ours/t2_p0002/C_06_ours_T2-P0002_t01s_f016.png,832,480,3f7b1fd8d6e7d5f3165d4b182d66682c806580c5c32a66b26d2456b43e097e8e,f42c9e4a1a796a7c066172fba4183565db0a018857bf58d858766690a7666398
C,ee01dd44eda44ca2a0e73c8f9cd7ffea/Ep_000025/3094,t2_p0005,ours,Ours (step8500),generated,1,16,3126,16,20260818,initial RGB + camera + dense/state,C_large_camera_turns/frames/06_ours/t2_p0005/C_06_ours_T2-P0005_t01s_f016.png,832,480,e637b7da22a12f3bda5839f634ccebb939927bb83ab7cf510df9ce7a6b682217,34b65203bc91298c261fc60ddcb9abb0f6a27ee6e39da4f121fb09a555e01e56
C,ee01dd44eda44ca2a0e73c8f9cd7ffea/Ep_000025/3094,t2_p0002,ours,Ours (step8500),generated,2,32,3158,32,20260818,initial RGB + camera + dense/state,C_large_camera_turns/frames/06_ours/t2_p0002/C_06_ours_T2-P0002_t02s_f032.png,832,480,1ba87dd20048be7aef5ac58d72aaf085e2747d48e8f22d00c2c870b21289559c,f42c9e4a1a796a7c066172fba4183565db0a018857bf58d858766690a7666398
C,ee01dd44eda44ca2a0e73c8f9cd7ffea/Ep_000025/3094,t2_p0005,ours,Ours (step8500),generated,2,32,3158,32,20260818,initial RGB + camera + dense/state,C_large_camera_turns/frames/06_ours/t2_p0005/C_06_ours_T2-P0005_t02s_f032.png,832,480,2d7a862fc23b0c37a739f808416a993a2f6f596209796f2e8cab78479fd540fc,34b65203bc91298c261fc60ddcb9abb0f6a27ee6e39da4f121fb09a555e01e56
C,ee01dd44eda44ca2a0e73c8f9cd7ffea/Ep_000025/3094,t2_p0002,gt,Ground truth,ground_truth,3,48,3190,48,,reference,C_large_camera_turns/frames/00_gt/t2_p0002/C_00_gt_T2-P0002_t03s_f048.png,832,480,0bd05e56f8964af34b0ae2027e81b7b83ee5fb097f358ef0d073bf416e6245ab,d232c2bd01d5ba5870c83adfb510f221fcdd3a53cb266a654794bfa847daf289
C,ee01dd44eda44ca2a0e73c8f9cd7ffea/Ep_000025/3094,t2_p0005,gt,Ground truth,ground_truth,3,48,3190,48,,reference,C_large_camera_turns/frames/00_gt/t2_p0005/C_00_gt_T2-P0005_t03s_f048.png,832,480,bc42291fe127c3f0e90161141fd6ae69fa01b223d00e9267d685016af57f8f33,3ccfd7b088cc143743e51857cb12985d8cb79705c06b87cbe75f0378942f9201
C,ee01dd44eda44ca2a0e73c8f9cd7ffea/Ep_000025/3094,t2_p0002,gt,Ground truth,ground_truth,4,64,3222,64,,reference,C_large_camera_turns/frames/00_gt/t2_p0002/C_00_gt_T2-P0002_t04s_f064.png,832,480,be84730ecd71926ac21b7757f9c3579c8088356f12bd348356c8a64da213c899,d232c2bd01d5ba5870c83adfb510f221fcdd3a53cb266a654794bfa847daf289
C,ee01dd44eda44ca2a0e73c8f9cd7ffea/Ep_000025/3094,t2_p0005,gt,Ground truth,ground_truth,4,64,3222,64,,reference,C_large_camera_turns/frames/00_gt/t2_p0005/C_00_gt_T2-P0005_t04s_f064.png,832,480,e8f755d2efd607ae706b1d3318ac1704786ab36da41950ca8d5124707965edad,3ccfd7b088cc143743e51857cb12985d8cb79705c06b87cbe75f0378942f9201
C,ee01dd44eda44ca2a0e73c8f9cd7ffea/Ep_000025/3094,t2_p0002,gt,Ground truth,ground_truth,5,80,3254,80,,reference,C_large_camera_turns/frames/00_gt/t2_p0002/C_00_gt_T2-P0002_t05s_f080.png,832,480,87029801b40c1b419dc7b7daaf2d98576c6ff0b94eddf32ea4799b05fbaaa8f9,d232c2bd01d5ba5870c83adfb510f221fcdd3a53cb266a654794bfa847daf289
C,ee01dd44eda44ca2a0e73c8f9cd7ffea/Ep_000025/3094,t2_p0005,gt,Ground truth,ground_truth,5,80,3254,80,,reference,C_large_camera_turns/frames/00_gt/t2_p0005/C_00_gt_T2-P0005_t05s_f080.png,832,480,ba33762131668d5b5ffd39f37f42fd08ef4cfdbe40c3a799bf11cf122931a767,3ccfd7b088cc143743e51857cb12985d8cb79705c06b87cbe75f0378942f9201
C,ee01dd44eda44ca2a0e73c8f9cd7ffea/Ep_000025/3094,t2_p0002,base,LingBot-World Base-Cam,generated,3,48,3190,48,20260818,initial RGB + complete camera trajectory,C_large_camera_turns/frames/01_lingbot_base/t2_p0002/C_01_lingbot_base_T2-P0002_t03s_f048.png,832,480,5edcb8e5af36134f124882c10674133aaed37ac68a7ea6b84e02fb0e46f2eb6c,2d612dc69d577bfc8698a9ac92630d14baa3d1922cc3cde774502cc978e152be
C,ee01dd44eda44ca2a0e73c8f9cd7ffea/Ep_000025/3094,t2_p0005,base,LingBot-World Base-Cam,generated,3,48,3190,48,20260818,initial RGB + complete camera trajectory,C_large_camera_turns/frames/01_lingbot_base/t2_p0005/C_01_lingbot_base_T2-P0005_t03s_f048.png,832,480,3fc3c7e838613bd83833f1a9b533ac1aee286a428331d81dab4f89c3051fcf55,c055d93c9c0aa0088ef123368d73fa785764e3a1afd391e7c0a056bebc8df4e2
C,ee01dd44eda44ca2a0e73c8f9cd7ffea/Ep_000025/3094,t2_p0002,base,LingBot-World Base-Cam,generated,4,64,3222,64,20260818,initial RGB + complete camera trajectory,C_large_camera_turns/frames/01_lingbot_base/t2_p0002/C_01_lingbot_base_T2-P0002_t04s_f064.png,832,480,3f37778d33e850f02a772175fc441f878b70fae9581758a7fca147ce354136d4,2d612dc69d577bfc8698a9ac92630d14baa3d1922cc3cde774502cc978e152be
C,ee01dd44eda44ca2a0e73c8f9cd7ffea/Ep_000025/3094,t2_p0005,base,LingBot-World Base-Cam,generated,4,64,3222,64,20260818,initial RGB + complete camera trajectory,C_large_camera_turns/frames/01_lingbot_base/t2_p0005/C_01_lingbot_base_T2-P0005_t04s_f064.png,832,480,57d5dcabba1892d30e74224673c2a433b6d4a87f92372c8a5ae6e5a714411443,c055d93c9c0aa0088ef123368d73fa785764e3a1afd391e7c0a056bebc8df4e2
C,ee01dd44eda44ca2a0e73c8f9cd7ffea/Ep_000025/3094,t2_p0002,base,LingBot-World Base-Cam,generated,5,80,3254,80,20260818,initial RGB + complete camera trajectory,C_large_camera_turns/frames/01_lingbot_base/t2_p0002/C_01_lingbot_base_T2-P0002_t05s_f080.png,832,480,6d7e7e78dee5ca8417cc8b4afaae83f32eb546bde7fd50e265f59618ade7f80c,2d612dc69d577bfc8698a9ac92630d14baa3d1922cc3cde774502cc978e152be
C,ee01dd44eda44ca2a0e73c8f9cd7ffea/Ep_000025/3094,t2_p0005,base,LingBot-World Base-Cam,generated,5,80,3254,80,20260818,initial RGB + complete camera trajectory,C_large_camera_turns/frames/01_lingbot_base/t2_p0005/C_01_lingbot_base_T2-P0005_t05s_f080.png,832,480,16a91d919a09970e2767f58ad873b785d2552f1d74ba6a4e8be89870e8ade645,c055d93c9c0aa0088ef123368d73fa785764e3a1afd391e7c0a056bebc8df4e2
C,ee01dd44eda44ca2a0e73c8f9cd7ffea/Ep_000025/3094,t2_p0002,b1,Direct Residual (B1 step50; resource-limited),generated,3,48,3190,48,20260818,initial RGB + camera + dense/state,C_large_camera_turns/frames/02_direct_residual_b1/t2_p0002/C_02_direct_residual_b1_T2-P0002_t03s_f048.png,832,480,ad06cb5c2ebdfe2a7727409353282a2a131df106c8a5c634537f694343547006,44312203f2b14693dd851f44106367602914237354bbb746c3adbbc7e3bca08a
C,ee01dd44eda44ca2a0e73c8f9cd7ffea/Ep_000025/3094,t2_p0005,b1,Direct Residual (B1 step50; resource-limited),generated,3,48,3190,48,20260818,initial RGB + camera + dense/state,C_large_camera_turns/frames/02_direct_residual_b1/t2_p0005/C_02_direct_residual_b1_T2-P0005_t03s_f048.png,832,480,89685cddcdb458a12d35ba872cf2b8e94463a768c6a86c0c54ede8be812114ed,4bd19a5fa8d0b5b89a93593ca966e155c986227d84962fff93d8cdf004f94b49
C,ee01dd44eda44ca2a0e73c8f9cd7ffea/Ep_000025/3094,t2_p0002,b1,Direct Residual (B1 step50; resource-limited),generated,4,64,3222,64,20260818,initial RGB + camera + dense/state,C_large_camera_turns/frames/02_direct_residual_b1/t2_p0002/C_02_direct_residual_b1_T2-P0002_t04s_f064.png,832,480,1b50578b2c40d092cd88703fa743b130711e5bf870f5110350886be153c405e8,44312203f2b14693dd851f44106367602914237354bbb746c3adbbc7e3bca08a
C,ee01dd44eda44ca2a0e73c8f9cd7ffea/Ep_000025/3094,t2_p0005,b1,Direct Residual (B1 step50; resource-limited),generated,4,64,3222,64,20260818,initial RGB + camera + dense/state,C_large_camera_turns/frames/02_direct_residual_b1/t2_p0005/C_02_direct_residual_b1_T2-P0005_t04s_f064.png,832,480,cd727aa861bf0bc4be79b302088c4ecfe745c9fad8d8122dc01bc9428ae0a726,4bd19a5fa8d0b5b89a93593ca966e155c986227d84962fff93d8cdf004f94b49
C,ee01dd44eda44ca2a0e73c8f9cd7ffea/Ep_000025/3094,t2_p0002,b1,Direct Residual (B1 step50; resource-limited),generated,5,80,3254,80,20260818,initial RGB + camera + dense/state,C_large_camera_turns/frames/02_direct_residual_b1/t2_p0002/C_02_direct_residual_b1_T2-P0002_t05s_f080.png,832,480,ca4840cab09631536402a8298ce0f6e36402d17f67d4138cedc4ba02f500b86b,44312203f2b14693dd851f44106367602914237354bbb746c3adbbc7e3bca08a
C,ee01dd44eda44ca2a0e73c8f9cd7ffea/Ep_000025/3094,t2_p0005,b1,Direct Residual (B1 step50; resource-limited),generated,5,80,3254,80,20260818,initial RGB + camera + dense/state,C_large_camera_turns/frames/02_direct_residual_b1/t2_p0005/C_02_direct_residual_b1_T2-P0005_t05s_f080.png,832,480,294786d1b1eeec674d46a46443a6636d142966ec2b3391864d40d297390708c8,4bd19a5fa8d0b5b89a93593ca966e155c986227d84962fff93d8cdf004f94b49
C,ee01dd44eda44ca2a0e73c8f9cd7ffea/Ep_000025/3094,t2_p0002,vid2world,Vid2World (CSGO),generated,3,48,3190,47,0,9 pre-start RGB frames + 51-D CSGO actions,C_large_camera_turns/frames/03_vid2world/t2_p0002/C_03_vid2world_T2-P0002_t03s_f048.png,832,480,d38193de621dd25c3a26af9226ef73e7138bca7181901cc144a1722386f26510,563d6dd1a9eb8e6169d3deb97b9bc7dc300f5b983b9dc04cd264724c7244de7d
C,ee01dd44eda44ca2a0e73c8f9cd7ffea/Ep_000025/3094,t2_p0005,vid2world,Vid2World (CSGO),generated,3,48,3190,47,0,9 pre-start RGB frames + 51-D CSGO actions,C_large_camera_turns/frames/03_vid2world/t2_p0005/C_03_vid2world_T2-P0005_t03s_f048.png,832,480,227fec4a0c418bdd14697d1e1bf5024e3895ea035891618c83300808905fdd16,31d1bb382f1e88209baea2acb0ec502fec803eb62b8a38add04f3d45e5f15a68
C,ee01dd44eda44ca2a0e73c8f9cd7ffea/Ep_000025/3094,t2_p0002,vid2world,Vid2World (CSGO),generated,4,64,3222,63,0,9 pre-start RGB frames + 51-D CSGO actions,C_large_camera_turns/frames/03_vid2world/t2_p0002/C_03_vid2world_T2-P0002_t04s_f064.png,832,480,54fcb807c4b84f2e1af015b850f91f57735c59e34bc0a19f25f1bbc14af93b6b,563d6dd1a9eb8e6169d3deb97b9bc7dc300f5b983b9dc04cd264724c7244de7d
C,ee01dd44eda44ca2a0e73c8f9cd7ffea/Ep_000025/3094,t2_p0005,vid2world,Vid2World (CSGO),generated,4,64,3222,63,0,9 pre-start RGB frames + 51-D CSGO actions,C_large_camera_turns/frames/03_vid2world/t2_p0005/C_03_vid2world_T2-P0005_t04s_f064.png,832,480,807530a948af97d4d079fc905a10c49fc8f9b6dd39a50f10f8229e3b6ae612d0,31d1bb382f1e88209baea2acb0ec502fec803eb62b8a38add04f3d45e5f15a68
C,ee01dd44eda44ca2a0e73c8f9cd7ffea/Ep_000025/3094,t2_p0002,vid2world,Vid2World (CSGO),generated,5,80,3254,79,0,9 pre-start RGB frames + 51-D CSGO actions,C_large_camera_turns/frames/03_vid2world/t2_p0002/C_03_vid2world_T2-P0002_t05s_f080.png,832,480,e72d784e0ee63f61d09a1c47343610562b5a47454234f3e9c052c0b22f161813,563d6dd1a9eb8e6169d3deb97b9bc7dc300f5b983b9dc04cd264724c7244de7d
C,ee01dd44eda44ca2a0e73c8f9cd7ffea/Ep_000025/3094,t2_p0005,vid2world,Vid2World (CSGO),generated,5,80,3254,79,0,9 pre-start RGB frames + 51-D CSGO actions,C_large_camera_turns/frames/03_vid2world/t2_p0005/C_03_vid2world_T2-P0005_t05s_f080.png,832,480,4a50d2ee629451e1a6cab3d2c3c75f13f1554347966fccc66d230dba0c7fc2e0,31d1bb382f1e88209baea2acb0ec502fec803eb62b8a38add04f3d45e5f15a68
C,ee01dd44eda44ca2a0e73c8f9cd7ffea/Ep_000025/3094,t2_p0002,multiworld,MultiWorld (480p FullData),generated,3,48,3190,47,0,paired initial RGB + mapped actions,C_large_camera_turns/frames/04_multiworld/t2_p0002/C_04_multiworld_T2-P0002_t03s_f048.png,832,480,593d0c3e2b052cc0b190449a0c86d9feebf6b4cd3a0c2b5b8e5282ac09dbcc2d,2d9077bce6053c3b7a39a1d25357c651c12bfd4a6e1b7cbec1793f73a08139e1
C,ee01dd44eda44ca2a0e73c8f9cd7ffea/Ep_000025/3094,t2_p0005,multiworld,MultiWorld (480p FullData),generated,3,48,3190,47,0,paired initial RGB + mapped actions,C_large_camera_turns/frames/04_multiworld/t2_p0005/C_04_multiworld_T2-P0005_t03s_f048.png,832,480,eb16353e96c7db92b03cef75a660bb5b103f97ee41e2818aaba278c80851661d,12dfc44ff9b6d9aadf1948ffd2c0c4a29fc6bf9be68544682489391f25d24cad
C,ee01dd44eda44ca2a0e73c8f9cd7ffea/Ep_000025/3094,t2_p0002,multiworld,MultiWorld (480p FullData),generated,4,64,3222,63,0,paired initial RGB + mapped actions,C_large_camera_turns/frames/04_multiworld/t2_p0002/C_04_multiworld_T2-P0002_t04s_f064.png,832,480,d3eeba6a0e27cb7b15e0fb3fac62b8e79e7d72d8d4465f9b92aafd0f027e7454,2d9077bce6053c3b7a39a1d25357c651c12bfd4a6e1b7cbec1793f73a08139e1
C,ee01dd44eda44ca2a0e73c8f9cd7ffea/Ep_000025/3094,t2_p0005,multiworld,MultiWorld (480p FullData),generated,4,64,3222,63,0,paired initial RGB + mapped actions,C_large_camera_turns/frames/04_multiworld/t2_p0005/C_04_multiworld_T2-P0005_t04s_f064.png,832,480,11ec062c8cd603084e91d6605b6c27e2bed4b1ad3155c9d706c6c81a3e2a8295,12dfc44ff9b6d9aadf1948ffd2c0c4a29fc6bf9be68544682489391f25d24cad
C,ee01dd44eda44ca2a0e73c8f9cd7ffea/Ep_000025/3094,t2_p0002,multiworld,MultiWorld (480p FullData),generated,5,80,3254,79,0,paired initial RGB + mapped actions,C_large_camera_turns/frames/04_multiworld/t2_p0002/C_04_multiworld_T2-P0002_t05s_f080.png,832,480,cd8d4f80b445e838ef8edbac550b30ca8be64f4216b0d1bdd7a785f6b9b4bae0,2d9077bce6053c3b7a39a1d25357c651c12bfd4a6e1b7cbec1793f73a08139e1
C,ee01dd44eda44ca2a0e73c8f9cd7ffea/Ep_000025/3094,t2_p0005,multiworld,MultiWorld (480p FullData),generated,5,80,3254,79,0,paired initial RGB + mapped actions,C_large_camera_turns/frames/04_multiworld/t2_p0005/C_04_multiworld_T2-P0005_t05s_f080.png,832,480,26ae916c0bf6db52f4596335325f265a18e31b1ec336be1dc6a5aad72feb613c,12dfc44ff9b6d9aadf1948ffd2c0c4a29fc6bf9be68544682489391f25d24cad
C,ee01dd44eda44ca2a0e73c8f9cd7ffea/Ep_000025/3094,t2_p0002,solaris,Solaris (Minecraft pretrained),generated,3,48,3190,48,,initial RGB + mapped actions,C_large_camera_turns/frames/05_solaris_minecraft/t2_p0002/C_05_solaris_minecraft_T2-P0002_t03s_f048.png,832,480,402ce758897a601cddeaa1887a401f2dcae449c0513b813d7a0ba1ed2ae48ff3,b83bfdb9117e22db2b4ac93b744b78d51171e57c9a2d49196095f372ff2b37c0
C,ee01dd44eda44ca2a0e73c8f9cd7ffea/Ep_000025/3094,t2_p0005,solaris,Solaris (Minecraft pretrained),generated,3,48,3190,48,,initial RGB + mapped actions,C_large_camera_turns/frames/05_solaris_minecraft/t2_p0005/C_05_solaris_minecraft_T2-P0005_t03s_f048.png,832,480,317e88d89eebffdc5c16aff54813cb71e2aa7cf4a2a7c6c43d3cecc8015326a0,52764a165bea9105a6f7081d766dbfe53d021add4e51d6f57bdc4d5088442329
C,ee01dd44eda44ca2a0e73c8f9cd7ffea/Ep_000025/3094,t2_p0002,solaris,Solaris (Minecraft pretrained),generated,4,64,3222,64,,initial RGB + mapped actions,C_large_camera_turns/frames/05_solaris_minecraft/t2_p0002/C_05_solaris_minecraft_T2-P0002_t04s_f064.png,832,480,2cd1767eba53d8bbf7464d33b56c7f4032058957456b9cad2070fc70f526e269,b83bfdb9117e22db2b4ac93b744b78d51171e57c9a2d49196095f372ff2b37c0
C,ee01dd44eda44ca2a0e73c8f9cd7ffea/Ep_000025/3094,t2_p0005,solaris,Solaris (Minecraft pretrained),generated,4,64,3222,64,,initial RGB + mapped actions,C_large_camera_turns/frames/05_solaris_minecraft/t2_p0005/C_05_solaris_minecraft_T2-P0005_t04s_f064.png,832,480,2e5271c59afbc98777d2a9060987bd8a941ccc8df53dcaa73ea2949eb83ba621,52764a165bea9105a6f7081d766dbfe53d021add4e51d6f57bdc4d5088442329
C,ee01dd44eda44ca2a0e73c8f9cd7ffea/Ep_000025/3094,t2_p0002,solaris,Solaris (Minecraft pretrained),generated,5,80,3254,80,,initial RGB + mapped actions,C_large_camera_turns/frames/05_solaris_minecraft/t2_p0002/C_05_solaris_minecraft_T2-P0002_t05s_f080.png,832,480,08c33bd769f5694e7fd5031b471a3ef5d97a1400770de322c402e26df4f03e2d,b83bfdb9117e22db2b4ac93b744b78d51171e57c9a2d49196095f372ff2b37c0
C,ee01dd44eda44ca2a0e73c8f9cd7ffea/Ep_000025/3094,t2_p0005,solaris,Solaris (Minecraft pretrained),generated,5,80,3254,80,,initial RGB + mapped actions,C_large_camera_turns/frames/05_solaris_minecraft/t2_p0005/C_05_solaris_minecraft_T2-P0005_t05s_f080.png,832,480,420bc38dec63ec6b2e1ea0f8e960093e757bcd4b20622e947ba748c04598ef55,52764a165bea9105a6f7081d766dbfe53d021add4e51d6f57bdc4d5088442329
C,ee01dd44eda44ca2a0e73c8f9cd7ffea/Ep_000025/3094,t2_p0002,ours,Ours (step8500),generated,3,48,3190,48,20260818,initial RGB + camera + dense/state,C_large_camera_turns/frames/06_ours/t2_p0002/C_06_ours_T2-P0002_t03s_f048.png,832,480,d95d80c13f697f9c27147c9d96c5d673482a3ef404c32b662073b29dd1686447,f42c9e4a1a796a7c066172fba4183565db0a018857bf58d858766690a7666398
C,ee01dd44eda44ca2a0e73c8f9cd7ffea/Ep_000025/3094,t2_p0005,ours,Ours (step8500),generated,3,48,3190,48,20260818,initial RGB + camera + dense/state,C_large_camera_turns/frames/06_ours/t2_p0005/C_06_ours_T2-P0005_t03s_f048.png,832,480,1fffffae8e7778be213281d177cb8f5c12eeab77c2fec56c0599b34ee01505ee,34b65203bc91298c261fc60ddcb9abb0f6a27ee6e39da4f121fb09a555e01e56
C,ee01dd44eda44ca2a0e73c8f9cd7ffea/Ep_000025/3094,t2_p0002,ours,Ours (step8500),generated,4,64,3222,64,20260818,initial RGB + camera + dense/state,C_large_camera_turns/frames/06_ours/t2_p0002/C_06_ours_T2-P0002_t04s_f064.png,832,480,180d46bc5da423ffcb1e49351a6e15e40139e12b3dabd13f274f9b2f61a9e6fd,f42c9e4a1a796a7c066172fba4183565db0a018857bf58d858766690a7666398
C,ee01dd44eda44ca2a0e73c8f9cd7ffea/Ep_000025/3094,t2_p0005,ours,Ours (step8500),generated,4,64,3222,64,20260818,initial RGB + camera + dense/state,C_large_camera_turns/frames/06_ours/t2_p0005/C_06_ours_T2-P0005_t04s_f064.png,832,480,86fc2c9a82fac5e02a33befc8cdfd7f09843cc26bd19d10821c1a28ca452e8f3,34b65203bc91298c261fc60ddcb9abb0f6a27ee6e39da4f121fb09a555e01e56
C,ee01dd44eda44ca2a0e73c8f9cd7ffea/Ep_000025/3094,t2_p0002,ours,Ours (step8500),generated,5,80,3254,80,20260818,initial RGB + camera + dense/state,C_large_camera_turns/frames/06_ours/t2_p0002/C_06_ours_T2-P0002_t05s_f080.png,832,480,8b1970a51d5a0898cbaec8ca0328083fe47f6d1d3f8d457c98f6e248027444e6,f42c9e4a1a796a7c066172fba4183565db0a018857bf58d858766690a7666398
C,ee01dd44eda44ca2a0e73c8f9cd7ffea/Ep_000025/3094,t2_p0005,ours,Ours (step8500),generated,5,80,3254,80,20260818,initial RGB + camera + dense/state,C_large_camera_turns/frames/06_ours/t2_p0005/C_06_ours_T2-P0005_t05s_f080.png,832,480,95d8f6b4a1cd0b9b79919adc15a2424329e340219076736af55f87573bdf83ee,34b65203bc91298c261fc60ddcb9abb0f6a27ee6e39da4f121fb09a555e01e56
